-- phpMyAdmin SQL Dump
-- version 4.3.8
-- http://www.phpmyadmin.net
--
-- Servidor: localhost
-- Tiempo de generación: 07-10-2016 a las 16:12:13
-- Versión del servidor: 5.5.51-38.2
-- Versión de PHP: 5.4.31

SET SQL_MODE = "NO_AUTO_VALUE_ON_ZERO";
SET time_zone = "+00:00";

--
-- Base de datos: `innovati_plataforma`
--

--
-- Volcado de datos para la tabla `authentication_module_customuser`
--

INSERT IGNORE INTO `authentication_module_customuser` (`id`, `password`, `last_login`, `is_superuser`, `username`, `first_name`, `last_name`, `email`, `is_staff`, `is_active`, `date_joined`, `tipo_cuenta`, `es_cuenta_activa`) VALUES
(1, 'pbkdf2_sha256$20000$AnFdDySPVuSm$RWzJJVsD1XibWI71D8t6i0n383IKmhM3391GuvYOvTE=', '2016-09-12 21:04:36', 0, '', 'Johana', 'González Sánchez', 'info@restaurantesanalejo.net', 0, 1, '2016-07-01 16:25:07', 'C', 1),
(2, 'pbkdf2_sha256$20000$sL6D6wZfaLQ8$laLtSf+SqnNb6XWrctxOZM1LZCl2MmXp3JkSuZDamxs=', '2016-10-07 19:34:08', 0, '', 'Álvaro', 'Osorio', 'info@edelweisscajica.com', 0, 1, '2016-07-01 16:43:17', 'C', 1),
(3, 'pbkdf2_sha256$20000$olXbWBT4jUWQ$/2vmpooc+UQQz5ScrV9iq4Z0XhvbG8stsod1wUJ9Gg8=', '2016-10-07 19:50:27', 0, '', 'Martha Patricia', 'Fiscó G.', 'mapafiga@hotmail.com', 0, 1, '2016-07-01 16:54:11', 'C', 1),
(4, 'pbkdf2_sha256$20000$sjZZkvRRykwi$rZOSZ7FU99AQ8MlSf+amuANdWcEp03uypgCrSgLMV8I=', '2016-07-01 21:46:20', 0, '', 'Daniel Felipe', 'Clavijo', 'alamavelas@gmail.com', 0, 1, '2016-07-01 17:03:01', 'C', 1),
(5, 'pbkdf2_sha256$20000$BQcOrNTyDkCj$xWdxzzxb/HK2qVxC7YZ7080pNAKEZLiMyepwLsvUpUs=', NULL, 0, '', 'Víctor Manuel', 'Chaves', 'vicmar_chaves@hotmail.com', 0, 1, '2016-07-01 17:06:59', 'C', 1),
(6, 'pbkdf2_sha256$20000$o4rUqfesNk8u$liGnUuC356BfUV0VuAc9YdxqxCzKs7qypCEphwWXumI=', NULL, 0, '', 'Esperanza', 'Mancera', 'jica2000@hotmail.com', 0, 1, '2016-07-01 17:08:50', 'C', 1),
(7, 'pbkdf2_sha256$20000$MG0MPtjhqbBJ$JlFMKwOU5AdbKkLsxTheS7Tku+Jezs6CN0x4lAcmgnY=', '2016-09-22 20:53:21', 0, '', 'Maria Edelmira', 'Sánchez', 'innovatic_fibog@unal.edu.co', 0, 1, '2016-07-01 17:12:51', 'C', 1),
(8, 'pbkdf2_sha256$20000$zS2PrcFgSDHO$eQytSYLD9I63XYqcVQZ9h8ugmO7SU1WSP5nV2MVDgaE=', NULL, 0, '', 'Vinicio', 'Serrato', 'vmcsg66@gmail.com', 0, 1, '2016-07-01 17:13:36', 'C', 1),
(9, 'pbkdf2_sha256$20000$yU4gE1pVG9aA$icoCWTcP6BhxkI68ZwRFm20OWOzE6iq/hHVdr8k9xCM=', NULL, 0, '', 'Édgar', 'Casallas', 'edgarcasallas2@hotmail.com', 0, 1, '2016-07-01 17:13:39', 'C', 1),
(10, 'pbkdf2_sha256$20000$2e2FEcjF9fmc$U6JixStEc5lwDg4vRUZajy0XcOM3NbPjfBVVOo70pxM=', '2016-09-20 19:14:24', 0, '', 'William Andrés', 'Rubiano Vento', 'culturadeportes@bojaca-cundinamarca.gov.co', 0, 1, '2016-07-01 17:18:35', 'C', 1),
(11, 'pbkdf2_sha256$20000$SHc4gIswkBiH$VWqDsqVSUf8NEa9/ByM72ZBm8K1VhoTTu48NRPGNvrY=', '2016-09-20 21:00:27', 0, '', 'Belén', 'Ricaurte', 'info@portamorada.com', 0, 1, '2016-07-01 17:19:03', 'C', 1),
(12, 'pbkdf2_sha256$20000$Qf65SMRMSOJP$6X/OyXRkxsZp79/7IyYPFNAa3t3CEbCVdFaHkShCyIE=', NULL, 0, '', 'Padre José Luis', 'Duarte Liscano', 'inticol_fibog@unal.edu.co', 0, 1, '2016-07-01 17:24:40', 'C', 1),
(13, 'pbkdf2_sha256$20000$aeoJgehZ56rs$c/vKYnZOTFZI7ScX7dhZIrdEIuP4QkqS3JJOT4SQ3kY=', '2016-09-20 21:10:45', 0, '', 'Laura', 'Ribón', 'anosalcruz@hotmail.com', 0, 1, '2016-07-01 17:30:57', 'C', 1),
(14, 'pbkdf2_sha256$20000$4YKJjtexdtps$bP41mA56AnjFKAQoBgJYdQKL9KyU4Jau4zpDiXBOoIA=', NULL, 0, '', 'Benjamín', 'Agudelo', 'drobojaca@gmail.com', 0, 1, '2016-07-01 17:34:47', 'C', 1),
(15, 'pbkdf2_sha256$20000$i1MPh8uO7d6C$0B28CEH709s8PUNeKJcL1ndmwnwfgWdWYXpua/hiRho=', NULL, 0, '', 'Gregorio', 'Ramírez', 'Almallanera31@gmail.com', 0, 1, '2016-07-01 17:39:44', 'C', 1),
(16, 'pbkdf2_sha256$20000$tPtkOP2fgbZ5$911aAWhHBJERC3a4JdN7RENtYF/NsEyzEZgMA3BTmE4=', NULL, 0, '', 'Nathalie', 'Bonilla', 'Musi_sal@hotmail.com', 0, 1, '2016-07-01 17:43:32', 'C', 1),
(17, 'pbkdf2_sha256$20000$Q86ZbG6IYxAF$N9OyYm8aHcWd0T0xrVCdSX1qU8jt6Wdz36Po+FIoTaA=', NULL, 0, '', 'Victor Manuel', 'Arévalo', 'Reservas@hotelcaciquereal.com', 0, 1, '2016-07-01 17:48:14', 'C', 1),
(18, 'pbkdf2_sha256$20000$00zH0oPqtTKz$m5I50v3UxmSohRbaHSfWV3L5cGWXRnYVozT98Nx4dR4=', NULL, 0, '', 'Fique Laverde', 'José Adonaí', 'fiquejuanjo@gmail.com', 0, 1, '2016-07-01 18:32:37', 'C', 1),
(19, 'pbkdf2_sha256$20000$dJm3Lz2JvUy6$JF6QN1m2wHY6tzD5InKDITQLfA76ktfmTZ5nLlMdtUQ=', NULL, 0, '', 'Luisa Fernanda', 'Marín', 'Lfernandamarin@hotmail.com', 0, 1, '2016-07-01 18:39:35', 'C', 1),
(20, 'pbkdf2_sha256$20000$gg0IWbxk0SNw$O+9DUJLB3MS7R6zJYWX5vNA2495yufb9chXRmfe9/uI=', '2016-07-01 18:47:46', 0, '', 'Luz Marina', 'Cabra', 'Lucerito.101@hotmail.com', 0, 1, '2016-07-01 18:44:08', 'C', 1),
(21, 'pbkdf2_sha256$20000$EUz8qMoPcjlH$yDJQNAqC+TH0GK8EJR1h2VJU7kmcHuWcLpUGQZCGGWg=', NULL, 0, '', 'Andrea', 'Quiroga', 'Stuar1313@hotmail.com', 0, 1, '2016-07-01 18:54:54', 'C', 1),
(22, 'pbkdf2_sha256$20000$cCkXBtGtVOZL$38omd5DC9rpgrpdE0zvrsxQsbsSoFnmnicP5QoxQN8w=', NULL, 0, '', 'Diana Jazmin', 'Beltrán', 'Jazminbeltran07@hotmail.com', 0, 1, '2016-07-01 18:59:47', 'C', 1),
(23, 'pbkdf2_sha256$20000$rfTDYocgI1eC$E/Ds++knoY/mM9viQUFq+o9gIZjxY7CoC0ZnPu9ika4=', NULL, 0, '', 'Eliana Maria', 'Henao Bermúdez', 'PromotourTocancipa@yahoo.es', 0, 1, '2016-07-01 19:03:53', 'C', 1),
(24, 'pbkdf2_sha256$20000$PgsK2XisSrDe$gbCww7mcLMWSOLW2Adw5BcSjGfcQniTRsXtJBW5yanA=', NULL, 0, '', 'Pedro Antonio', 'Lozano R.', 'Laposadadeibarra@gmail.com', 0, 1, '2016-07-01 19:10:01', 'C', 1),
(25, 'pbkdf2_sha256$20000$vUcH2hHfQIuC$C7/ZVjYZym+B+OjV05jFfQAM3FD5CeIN851HP6DF91Q=', NULL, 0, '', 'Segundo', 'Balcero', 'sdbalcero@misena.edu.co', 0, 1, '2016-07-01 19:46:50', 'C', 1),
(26, 'pbkdf2_sha256$20000$727Oih32sA6L$TP0J70yECTU75ESqX4TDiyfNr/NzG7PT9G/nQsDw+0Q=', '2016-07-01 20:01:06', 0, '', 'Jenny Paola', 'Rueda', 'Zipaqu2@drogueriasacuna.net', 0, 1, '2016-07-01 19:49:47', 'C', 1),
(27, 'pbkdf2_sha256$20000$ugt8KE94hGdK$3av3aTA4+ROp9bypogXCRfc2UeQz1cW8jDTtLKYksgE=', NULL, 0, '', 'Carmen Sofía', 'Martínez', 'Asoartoca@yahoo.com', 0, 1, '2016-07-01 20:02:27', 'C', 1),
(28, 'pbkdf2_sha256$20000$qmRHNGJ83ibk$+TlRAHG5zxMrjMF+J/rOqQ2KYjAj46cGSiIUOGDFtq0=', NULL, 0, '', 'Rafael', 'Ospina', 'Rafael.ospina@Tocancipa.gov.co', 0, 1, '2016-07-01 20:08:32', 'C', 1),
(29, 'pbkdf2_sha256$20000$8ltxOVzzslNF$d+7YQ846PxE7O+8CF9L8rWWeLWkficXeJhL8HC8K7AM=', NULL, 0, '', 'Gloria Cristina', 'Forero', 'Gloria.forero49@hotmail.com', 0, 1, '2016-07-01 20:15:49', 'C', 1),
(30, 'pbkdf2_sha256$20000$2rtbA2gP25EN$af3j4loQ5r1mnvcvekkemjgmr70erZY9mc+DUHStCIE=', '2016-07-01 20:28:42', 0, '', 'Rigoberto', 'Londoño Hincapié', 'Lond263@hotmail.com', 0, 1, '2016-07-01 20:19:40', 'C', 1),
(31, 'pbkdf2_sha256$20000$qvRDOvEuVWj3$44Sq5/N7sTFgHaRZNujLCQjesp3FSPU8p2PTj1ggBRQ=', '2016-07-01 20:35:28', 0, '', 'Sebastián', 'Sánchez', 'Comercial@minadesal.gov.co', 0, 1, '2016-07-01 20:20:42', 'C', 1),
(32, 'pbkdf2_sha256$20000$SJ49s9tVoK8I$otYkEzPz/lQy/uifqeG8cvbZ97d8Q5uhtZ2A3w3SPkI=', NULL, 0, '', 'Juan Carlos', 'Gelvis', 'gelvisjk@hotmail.com', 0, 1, '2016-07-01 20:46:19', 'C', 1),
(33, 'pbkdf2_sha256$20000$ELXF1ddiNDbG$QcEVXWHmv/2LQWOLt8QYGz7GI7RN14+H5M7NlOBnYUU=', NULL, 0, '', 'Edna Rocio', 'Castiblanco', 'Hotelvalledelasal@hotmail.com', 0, 1, '2016-07-01 20:50:45', 'C', 1),
(34, 'pbkdf2_sha256$20000$Rgv3FSTCiLkc$jRrbHZzwaLJPI5tAShSwhkJo6Kl249DT9FWO4smk4K4=', NULL, 0, '', 'Marta Lucia', 'Rodríguez', 'restauranteelcolonial@yahoo.es', 0, 1, '2016-07-01 20:57:47', 'C', 1),
(35, 'pbkdf2_sha256$20000$CwMaOfHjew3b$Dn+srob3nXUlkH6Brh74KNFtEOV7yRJ70qhxRQ0ghuA=', NULL, 0, '', 'Segundo', 'Pirazàn', 'segundopirazan@hotmail.com', 0, 1, '2016-07-01 21:03:09', 'C', 1),
(36, 'pbkdf2_sha256$20000$jNKJmyPNkRr6$/2IsiqOrFo4h2QpNeCuX5B1D5AvA3aWbi3tUo0awhWw=', NULL, 0, '', 'Myriam', 'Rojas', 'macramemyriamrojas@hotmail.com', 0, 1, '2016-07-01 21:13:30', 'C', 1),
(37, 'pbkdf2_sha256$20000$sPYN83jmkfzK$exGJiFcb2hTaaBfCx3kmjJ7M/VHnw0kVe/9Njy2lkxI=', NULL, 0, '', 'Luz Dary', 'Salgado', 'transcondalia@gmail.com', 0, 1, '2016-07-01 21:23:50', 'C', 1),
(38, 'pbkdf2_sha256$20000$27YCwp3PWlDO$h3IqC1x1NV+B1iiVybZIef9bK4zpZtg972Jdafb2X+A=', NULL, 0, '', 'Irlena', 'Becerra', 'Neny.1015@hotmail.com', 0, 1, '2016-07-01 21:28:37', 'C', 1),
(40, 'pbkdf2_sha256$20000$zbUb4QJTyOzk$m4DC50pse0prNSWtGO9xEYk3k1e8Iedyg8aBVbn4Jlk=', '2016-08-11 17:52:39', 0, 'salomon', 'Salomon', 'Muñoz', 'hotelparquezabal@hotmail.com', 0, 1, '2016-08-11 17:52:38', 'C', 1),
(41, 'pbkdf2_sha256$20000$fLvrEoKCFh1J$AzcVAI+szj/qvbbeXI8IFBMGaWZEy7nTinGjMsKCEBU=', '2016-08-11 18:23:34', 0, 'sandra', 'Sandra', 'Roa', 'hotelboutiquesinai@gmail.com', 0, 1, '2016-08-11 18:23:34', 'C', 1),
(51, 'pbkdf2_sha256$20000$YFruFXgI34XB$j2Eb9z0e/cQza15+B70QNf1dzpliMtzWW7jI3DBP1E4=', '2016-08-11 21:39:49', 0, 'alfredo', 'Alfredo', 'Lopez', 'hotelcostadelsolfgga@hotmail.com', 0, 1, '2016-08-11 21:39:49', 'C', 1),
(52, 'pbkdf2_sha256$20000$TWjyS2bLTDHU$yP/bLq708TORQa8y5e5xxa0NRICiW3Ygbd3a/kzoRIA=', '2016-08-11 22:17:09', 0, 'johanna', 'Johanna', 'Moreno', 'hotelcatamainn@gmail.com', 0, 1, '2016-08-11 22:17:09', 'C', 1),
(53, 'pbkdf2_sha256$20000$mEY3KMFvNrhB$GNle+oN7GnuHyRmT7eE1etoAoCbLMClIAxMiEraYWSA=', '2016-08-11 23:21:17', 0, 'diego', 'Diego', 'Diaz', 'info@hotelelcastillochinauta.com.co', 0, 1, '2016-08-11 23:21:17', 'C', 1),
(54, 'pbkdf2_sha256$20000$gHdYFLZ5De6L$Uj6hbCSiUaHl9/xQWTLEDh+/U/suXQSHn/u6G0Qlt7A=', '2016-08-11 23:48:54', 0, 'laura', 'Laura', 'Cardenas', 'contacto@hotelchinautareal.com', 0, 1, '2016-08-11 23:48:54', 'C', 1),
(106, 'pbkdf2_sha256$20000$yZoIaDAHiya1$PZgz2RlrndL669OEiflJLgYh4ZbB0GbidAMVNheGhOo=', '2016-10-05 16:50:48', 0, 'facatativa', 'Facatativá', 'Facatativá', 'oficinaturismofacatativa@gmail.com', 0, 1, '2016-10-05 16:50:47', 'M', 0),
(105, 'pbkdf2_sha256$20000$dSxKvi9H56sq$OeRJTSitgqeiQKfTnzex7PXospMO3ui5z15hrjsX2LY=', '2016-10-04 17:53:02', 0, 'victoria', 'Victoria', 'Crovo Gómez', 'vicovickytoria@gmail.com', 0, 1, '2016-10-04 17:53:02', 'C', 1),
(66, 'pbkdf2_sha256$20000$09k78Fwg2iO2$hFDaYnbb4rizROp8jXeM5Kd+KpivAdTrRgAQdmnhOO4=', '2016-09-12 15:51:34', 0, 'prueba', 'Prueba', 'Gobernacion', 'mauricio@longboardcolombia.com', 0, 1, '2016-09-12 15:51:33', 'C', 1),
(104, 'pbkdf2_sha256$20000$oF8XMiXrwkRm$TfO9qUADEmmyKnass73gVHADFu03HCIdkGEvIwNx/GU=', '2016-10-04 16:51:23', 0, 'emliano', 'Emliano', 'Gonzalez Giraldo', 'emilianog@gmail.com', 0, 1, '2016-10-04 16:51:22', 'C', 1),
(73, 'pbkdf2_sha256$20000$OH454D9Fp3iN$q2WL2HRsDUBfkPHmSqQ7aqFS5BJPGgLe3ugScH/4LAQ=', '2016-09-20 16:54:25', 0, 'girardot', 'Girardot', 'Girardot', 'turismo@girardot-cundinamarca.gov.co', 0, 1, '2016-09-20 16:54:25', 'M', 1),
(74, 'pbkdf2_sha256$20000$N41eFtjmNgSe$BNUYirNuwp2fqRlJN0wvvxlU48yqJKGfYBiRycGAYPg=', '2016-09-20 17:56:05', 0, 'jose_manuel', 'Jose manuel', 'Olaya', 'viajescuatroestaciones@gmail.com', 0, 1, '2016-09-20 17:56:05', 'C', 1),
(75, 'pbkdf2_sha256$20000$oP4YHSWeup30$xcOw0RiZTmjPg35sM57zCSe3lyeNYU3iaM8XsKJzyT4=', '2016-09-20 20:22:30', 0, 'nubia_isabel', 'Nubia Isabel', 'Jimenez Girón', 'asomarteg@hotmail.com', 0, 1, '2016-09-20 20:22:30', 'C', 1),
(76, 'pbkdf2_sha256$20000$3spISpIwYTkc$4US75rt5ORnEg2gqhvOQZOwFkAYguaLeelioJ1lBuEk=', '2016-09-20 21:26:18', 0, 'nicolas', 'Nicolas', 'Arango', 'nicolasevelio@hotmail.com', 0, 1, '2016-09-20 21:26:18', 'C', 1),
(77, 'pbkdf2_sha256$20000$fAPPxstmBPqe$VMczwn9IHBhMry8BACsmJyB5qxuVaBE+lN47lZb+/CU=', '2016-09-22 14:32:00', 0, 'mosquera', 'Mosquera', 'Mosquera', 'turismomosquera@gmail.com', 0, 1, '2016-09-22 14:32:00', 'M', 1),
(79, 'pbkdf2_sha256$20000$wzSDrQRdszbT$SNcUHsfjwQnZtZ+80w6PYmm6HO+DJyvezPzZBdCR4C4=', '2016-09-22 16:27:28', 0, 'lina', 'Lina', 'Tarazona', 'libelula722@hotmail.com', 0, 1, '2016-09-22 16:27:28', 'C', 1),
(80, 'pbkdf2_sha256$20000$YcU75rSFnx4w$ysbYnlSaJ+e6YVsDlheDPgPhGOy6vFeVyJsC3fsm5pA=', '2016-09-22 16:54:17', 0, 'claudia_maritza', 'Claudia Maritza', 'Sotelo', 'mendezclaudia123@gmail.com', 0, 1, '2016-09-22 16:54:17', 'C', 1),
(81, 'pbkdf2_sha256$20000$wGqsnZchCuG2$XhhKjd0JHTf/By68kttjF9lk7sE+LILyubtWUBCIayc=', '2016-09-22 17:09:18', 0, 'gisella', 'Gisella', 'Sotelo', 'hotelsanmartinmosquera@hotmail.com', 0, 1, '2016-09-22 17:09:18', 'C', 1),
(82, 'pbkdf2_sha256$20000$tqgfnvIG2xqT$8Ve4zy/uBRDSK/CdJ2mQHFOBI5L03nW1tQ8qa/L5WU4=', '2016-09-22 19:14:52', 0, 'blanca', 'Blanca', 'Torres Garcia', 'blancatorres2600@gmail.com', 0, 1, '2016-09-22 19:14:51', 'C', 1),
(83, 'pbkdf2_sha256$20000$jlo41sxllURd$drmbLCDy78RE+uLUb7rrtwfUnKdbFo8eQ9pTHh9Iksk=', '2016-09-22 19:58:41', 0, 'carlos_alberto', 'Carlos Alberto', 'Casteblanco', 'tallerartesanalelmuisca@gmail.com', 0, 1, '2016-09-22 19:58:41', 'C', 1),
(84, 'pbkdf2_sha256$20000$gU6lpgFComJn$O4D92D6UNhduE1K6IpFiGllJ7ZDbKjyJkZFRX2GKeC8=', '2016-09-22 20:33:36', 0, 'zoraida', 'Zoraida', 'Parra', 'info@viajasinstress.com', 0, 1, '2016-09-22 20:33:35', 'C', 1),
(100, '!YhjU1RQdc5DxmeR5Svb5lpD8UBYOsFWLZ8Bwea8H', NULL, 0, 'oromeroce', 'Oscar', 'Romero', 'oromeroce@gmail.com', 0, 1, '2016-10-03 20:11:59', 'C', 1),
(101, 'pbkdf2_sha256$20000$Iy6aKxKHd5bO$SabZ/i0n58n1sjHti1+2vxitJ3BMe2srIynNBB0O8F8=', '2016-10-03 20:13:21', 0, 'oscar', 'Oscar', 'Romero', 'oscarromero1987@hotmail.com', 0, 1, '2016-10-03 20:13:21', 'C', 1),
(86, 'pbkdf2_sha256$20000$srLoEztm3Gkb$pGETDtd30ib8EuDIBmpi4Pq1d+i77zN5XGFt3MA/19M=', '2016-09-23 16:35:39', 0, 'bituima', 'Bituima', 'Bituima', 'bitu@gmail.com', 0, 1, '2016-09-23 16:35:38', 'M', 0),
(87, 'pbkdf2_sha256$20000$fSUrSjfFWyw2$XXpnuDakJTAq+3zqOEQ78mD0V5Z6153m81qM5DejHWA=', '2016-09-27 16:39:43', 0, 'madrid', 'Madrid', 'Madrid', 'desarrolloeconomico@madrid-cundinamarca.gov.co', 0, 1, '2016-09-27 16:39:42', 'M', 1),
(88, 'pbkdf2_sha256$20000$25qtHCXPDrdK$6V3CdkqIymM6dCpNeRww9aps1pY+S+w7EnZ2rBYgLXM=', '2016-09-27 18:51:33', 0, 'yamile', 'Yamile', 'Valderrama', 'emily_250806@hotmail.com', 0, 1, '2016-09-27 18:51:33', 'C', 1),
(89, 'pbkdf2_sha256$20000$hI9Lab1XjpVi$F7Vzp1Ek11g63Hti9odXnD1wrRCPd9v2HXwZ9XQkcO0=', '2016-09-27 20:14:09', 0, 'clara', 'Clara', 'Chavarro', 'clarachavarro@hotmail.com', 0, 1, '2016-09-27 20:04:12', 'C', 1),
(90, 'pbkdf2_sha256$20000$ReNuAGYUG46n$RC9o9vBGjFGOgIW2boh+X8YUda6Q6gmdwwdSyhGKDmY=', '2016-09-27 21:13:37', 0, 'diana', 'Diana', 'Niño Roa', 'nanasteiv@hotmail.com', 0, 1, '2016-09-27 21:13:37', 'C', 1),
(93, 'pbkdf2_sha256$20000$JactWRym3jsd$D1+z5wQxPn2KAMIK9sw7fBJ7/unOjL6xH1PiVK541Yk=', '2016-09-30 15:48:27', 0, 'el_rosal', 'El Rosal', 'El Rosal', 'cultura@elrosal-cundinamarca.gov.co', 0, 1, '2016-09-30 15:48:27', 'M', 1),
(94, 'pbkdf2_sha256$20000$grRnZQ9vlFPL$ovZWqKTx+FBo3MupmqRlOqBGOaUUPRRRWogPybbHSUE=', '2016-09-30 16:36:26', 0, 'flor', 'Flor', 'Díaz', 'diazflor808@gmail.com', 0, 1, '2016-09-30 16:36:26', 'C', 1),
(95, 'pbkdf2_sha256$20000$PCTu2mQzjdKZ$Jb+Zxf2Yel1uV7E/DBVg3lJDFEQ954EkAs1teMVrZ18=', '2016-09-30 17:08:24', 0, 'maria_teresa', 'María Teresa', 'Forero', 'andresforerotelenet@hotmail.com', 0, 1, '2016-09-30 17:08:24', 'C', 1),
(96, 'pbkdf2_sha256$20000$Y8F0GS6yWjXy$2cmkNhw9r4dSgP0+8INJXy9OkO3XxCc+DUYPeODnb+M=', '2016-09-30 19:56:23', 0, 'julian', 'Julian', 'Giraldo', 'haciendakala@hotmail.com', 0, 1, '2016-09-30 19:56:23', 'C', 1),
(103, 'pbkdf2_sha256$20000$fd2hdNRjcJUl$uYM8piNeuKP1MIq85p+/9a8R1FJHhcoJc2w4X6qijjg=', '2016-10-04 16:19:11', 0, 'mery', 'Mery', 'Mendieta', 'mendieta.mery@gmail.com', 0, 1, '2016-10-04 16:19:11', 'C', 1),
(102, 'pbkdf2_sha256$20000$2ZW8j9G3JFUO$sQXqQe7biOygkf6GXftppt3072Q41t7LCOHrbcWZNIM=', '2016-10-04 15:35:00', 0, 'tabio', 'Tabio', 'Tabio', 'sdeyt@tabio-cundinamarca.gov.co', 0, 1, '2016-10-04 15:35:00', 'M', 0);

--
-- Volcado de datos para la tabla `authtoken_token`
--

INSERT IGNORE INTO `authtoken_token` (`key`, `created`, `user_id`) VALUES
('f00e95737224446c923a7033ac090cc06835b5e2', '2016-08-11 20:11:27', 47),
('ccd610e5a4fb14fbec30eaa2947f3976040c3bb8', '2016-08-11 20:29:43', 49),
('340373b627eeaf698c83da9f1dfe3fddc4cebf17', '2016-08-11 23:48:54', 54),
('05ab33d7ebd71ed3293b6a0f0b99cfb18b45aa0e', '2016-09-09 16:10:20', 60),
('9b620e49ef11df1335864545363bbf577c9d1bda', '2016-09-20 21:10:45', 13),
('18065c03b678d441bee292f76351e98ced09d88a', '2016-09-12 21:59:59', 65),
('9415529e97888613e8646ca92650e17744731c0f', '2016-09-19 21:04:45', 72),
('d4161c54381e778b6e92d833bf6a88a5144d376b', '2016-09-20 16:54:25', 73),
('a26e18064cab1f55c12a1c142faa939d447728b3', '2016-09-30 20:45:13', 97),
('3b1e1bb51a450f9aa6afadf2ac5e6d7d6d6f7b4a', '2016-09-23 16:35:39', 86),
('5f5446f8d41a407edc658a7356730127f4c7a7f2', '2016-09-30 21:30:15', 98),
('8d17968e66bfcc530660f0bcd8c722e310d4c72e', '2016-10-05 16:50:48', 106),
('ee4f1ad372447b8e50135b33c055809d4d0f17a1', '2016-10-07 19:50:27', 3);

--
-- Volcado de datos para la tabla `auth_permission`
--

INSERT IGNORE INTO `auth_permission` (`id`, `name`, `content_type_id`, `codename`) VALUES
(1, 'Can add log entry', 1, 'add_logentry'),
(2, 'Can change log entry', 1, 'change_logentry'),
(3, 'Can delete log entry', 1, 'delete_logentry'),
(4, 'Can add permission', 2, 'add_permission'),
(5, 'Can change permission', 2, 'change_permission'),
(6, 'Can delete permission', 2, 'delete_permission'),
(7, 'Can add group', 3, 'add_group'),
(8, 'Can change group', 3, 'change_group'),
(9, 'Can delete group', 3, 'delete_group'),
(10, 'Can add content type', 4, 'add_contenttype'),
(11, 'Can change content type', 4, 'change_contenttype'),
(12, 'Can delete content type', 4, 'delete_contenttype'),
(13, 'Can add session', 5, 'add_session'),
(14, 'Can change session', 5, 'change_session'),
(15, 'Can delete session', 5, 'delete_session'),
(16, 'Can add site', 6, 'add_site'),
(17, 'Can change site', 6, 'change_site'),
(18, 'Can delete site', 6, 'delete_site'),
(19, 'Can add custom user', 7, 'add_customuser'),
(20, 'Can change custom user', 7, 'change_customuser'),
(21, 'Can delete custom user', 7, 'delete_customuser'),
(22, 'Can add cors model', 8, 'add_corsmodel'),
(23, 'Can change cors model', 8, 'change_corsmodel'),
(24, 'Can delete cors model', 8, 'delete_corsmodel'),
(25, 'Can add token', 9, 'add_token'),
(26, 'Can change token', 9, 'change_token'),
(27, 'Can delete token', 9, 'delete_token'),
(28, 'Can add email address', 10, 'add_emailaddress'),
(29, 'Can change email address', 10, 'change_emailaddress'),
(30, 'Can delete email address', 10, 'delete_emailaddress'),
(31, 'Can add email confirmation', 11, 'add_emailconfirmation'),
(32, 'Can change email confirmation', 11, 'change_emailconfirmation'),
(33, 'Can delete email confirmation', 11, 'delete_emailconfirmation'),
(34, 'Can add user social auth', 12, 'add_usersocialauth'),
(35, 'Can change user social auth', 12, 'change_usersocialauth'),
(36, 'Can delete user social auth', 12, 'delete_usersocialauth'),
(37, 'Can add nonce', 13, 'add_nonce'),
(38, 'Can change nonce', 13, 'change_nonce'),
(39, 'Can delete nonce', 13, 'delete_nonce'),
(40, 'Can add association', 14, 'add_association'),
(41, 'Can change association', 14, 'change_association'),
(42, 'Can delete association', 14, 'delete_association'),
(43, 'Can add code', 15, 'add_code'),
(44, 'Can change code', 15, 'change_code'),
(45, 'Can delete code', 15, 'delete_code'),
(46, 'Can add sitio', 16, 'add_sitio'),
(47, 'Can change sitio', 16, 'change_sitio'),
(48, 'Can delete sitio', 16, 'delete_sitio'),
(49, 'Can add foto', 17, 'add_foto'),
(50, 'Can change foto', 17, 'change_foto'),
(51, 'Can delete foto', 17, 'delete_foto'),
(52, 'Can add sitio categoria', 18, 'add_sitiocategoria'),
(53, 'Can change sitio categoria', 18, 'change_sitiocategoria'),
(54, 'Can delete sitio categoria', 18, 'delete_sitiocategoria'),
(55, 'Can add tag', 19, 'add_tag'),
(56, 'Can change tag', 19, 'change_tag'),
(57, 'Can delete tag', 19, 'delete_tag'),
(58, 'Can add categoria', 20, 'add_categoria'),
(59, 'Can change categoria', 20, 'change_categoria'),
(60, 'Can delete categoria', 20, 'delete_categoria'),
(61, 'Can add municipio', 21, 'add_municipio'),
(62, 'Can change municipio', 21, 'change_municipio'),
(63, 'Can delete municipio', 21, 'delete_municipio'),
(64, 'Can add ruta', 22, 'add_ruta'),
(65, 'Can change ruta', 22, 'change_ruta'),
(66, 'Can delete ruta', 22, 'delete_ruta'),
(67, 'Can add ruta sitio', 23, 'add_rutasitio'),
(68, 'Can change ruta sitio', 23, 'change_rutasitio'),
(69, 'Can delete ruta sitio', 23, 'delete_rutasitio');

--
-- Volcado de datos para la tabla `django_admin_log`
--

INSERT IGNORE INTO `django_admin_log` (`id`, `action_time`, `object_id`, `object_repr`, `action_flag`, `change_message`, `content_type_id`, `user_id`) VALUES
(1, '2016-09-09 16:26:35', '63', 'prueba@cuentafalsa.com', 2, 'Changed es_cuenta_activa.', 7, 55),
(2, '2016-09-23 15:52:20', '85', 'municipio123@prueba.com', 2, 'Changed es_cuenta_activa.', 7, 55),
(3, '2016-10-03 15:06:20', '93', 'cultura@elrosal-cundinamarca.gov.co', 2, 'Changed es_cuenta_activa.', 7, 55),
(4, '2016-10-03 15:58:36', '77', 'turismomosquera@gmail.com', 2, 'Changed es_cuenta_activa.', 7, 55),
(5, '2016-10-03 16:00:24', '87', 'desarrolloeconomico@madrid-cundinamarca.gov.co', 2, 'Changed es_cuenta_activa.', 7, 55),
(6, '2016-10-03 16:02:21', '73', 'turismo@girardot-cundinamarca.gov.co', 2, 'Changed es_cuenta_activa.', 7, 55);

--
-- Volcado de datos para la tabla `django_content_type`
--

INSERT IGNORE INTO `django_content_type` (`id`, `app_label`, `model`) VALUES
(1, 'admin', 'logentry'),
(2, 'auth', 'permission'),
(3, 'auth', 'group'),
(4, 'contenttypes', 'contenttype'),
(5, 'sessions', 'session'),
(6, 'sites', 'site'),
(7, 'authentication_module', 'customuser'),
(8, 'corsheaders', 'corsmodel'),
(9, 'authtoken', 'token'),
(10, 'account', 'emailaddress'),
(11, 'account', 'emailconfirmation'),
(12, 'default', 'usersocialauth'),
(13, 'default', 'nonce'),
(14, 'default', 'association'),
(15, 'default', 'code'),
(16, 'sitios', 'sitio'),
(17, 'sitios', 'foto'),
(18, 'sitios', 'sitiocategoria'),
(19, 'plataforma', 'tag'),
(20, 'plataforma', 'categoria'),
(21, 'plataforma', 'municipio'),
(22, 'rutas', 'ruta'),
(23, 'rutas', 'rutasitio');

--
-- Volcado de datos para la tabla `django_migrations`
--

INSERT IGNORE INTO `django_migrations` (`id`, `app`, `name`, `applied`) VALUES
(1, 'contenttypes', '0001_initial', '2016-09-08 15:19:20'),
(2, 'contenttypes', '0002_remove_content_type_name', '2016-09-08 15:19:20'),
(3, 'auth', '0001_initial', '2016-09-08 15:19:20'),
(4, 'auth', '0002_alter_permission_name_max_length', '2016-09-08 15:19:20'),
(5, 'auth', '0003_alter_user_email_max_length', '2016-09-08 15:19:20'),
(6, 'auth', '0004_alter_user_username_opts', '2016-09-08 15:19:20'),
(7, 'auth', '0005_alter_user_last_login_null', '2016-09-08 15:19:20'),
(8, 'auth', '0006_require_contenttypes_0002', '2016-09-08 15:19:20'),
(9, 'authentication_module', '0001_initial', '2016-09-08 15:19:20'),
(10, 'account', '0001_initial', '2016-09-08 15:19:20'),
(11, 'account', '0002_email_max_length', '2016-09-08 15:19:20'),
(12, 'admin', '0001_initial', '2016-09-08 15:19:20'),
(13, 'authentication_module', '0002_auto_20160801_1950', '2016-09-08 15:19:20'),
(14, 'authentication_module', '0003_auto_20160801_2013', '2016-09-08 15:19:21'),
(15, 'authentication_module', '0004_auto_20160801_2318', '2016-09-08 15:19:21'),
(16, 'authentication_module', '0005_customuser_tipo_cuenta', '2016-09-08 15:19:21'),
(17, 'authentication_module', '0006_auto_20160831_2030', '2016-09-08 15:19:21'),
(18, 'authentication_module', '0007_customuser_es_cuenta_activa', '2016-09-08 15:19:21'),
(19, 'authtoken', '0001_initial', '2016-09-08 15:19:21'),
(20, 'default', '0001_initial', '2016-09-08 15:19:21'),
(21, 'default', '0002_add_related_name', '2016-09-08 15:19:22'),
(22, 'default', '0003_alter_email_max_length', '2016-09-08 15:19:22'),
(23, 'default', '0004_auto_20160423_0400', '2016-09-08 15:19:22'),
(24, 'plataforma', '0001_initial', '2016-09-08 15:19:22'),
(25, 'sitios', '0001_initial', '2016-09-08 15:19:22'),
(26, 'sitios', '0002_auto_20160801_1950', '2016-09-08 15:19:23'),
(27, 'plataforma', '0002_auto_20160801_1950', '2016-09-08 15:19:23'),
(28, 'plataforma', '0003_categoria_url_icono_general', '2016-09-08 15:19:23'),
(29, 'sessions', '0001_initial', '2016-09-08 15:19:23'),
(30, 'sites', '0001_initial', '2016-09-08 15:19:23'),
(31, 'sitios', '0003_auto_20160801_2044', '2016-09-08 15:19:23'),
(32, 'sitios', '0004_auto_20160801_2318', '2016-09-08 15:19:23'),
(33, 'sitios', '0005_auto_20160805_2011', '2016-09-08 15:19:24'),
(34, 'sitios', '0006_auto_20160805_2015', '2016-09-08 15:19:24'),
(35, 'sitios', '0007_auto_20160805_2055', '2016-09-08 15:19:24'),
(36, 'sitios', '0008_auto_20160808_2117', '2016-09-08 15:19:24'),
(37, 'sitios', '0009_sitio_tipo_sitio', '2016-09-08 15:19:24'),
(38, 'sitios', '0010_auto_20160905_2300', '2016-09-08 15:19:25'),
(39, 'sitios', '0011_auto_20160905_2303', '2016-09-08 15:19:25'),
(40, 'sitios', '0012_auto_20160905_2308', '2016-09-08 15:19:26'),
(41, 'sitios', '0013_auto_20160905_2308', '2016-09-08 15:19:26'),
(42, 'rutas', '0001_initial', '2016-09-19 17:24:38'),
(43, 'rutas', '0002_ruta_municipio', '2016-09-19 17:24:38'),
(44, 'rutas', '0003_auto_20160914_2329', '2016-09-19 17:24:39'),
(45, 'rutas', '0004_auto_20160915_0026', '2016-09-19 17:24:39'),
(46, 'rutas', '0005_auto_20160919_2225', '2016-09-23 14:39:09'),
(47, 'plataforma', '0004_categoria_name', '2016-09-30 15:35:38'),
(48, 'rutas', '0006_auto_20160926_1615', '2016-09-30 15:35:38'),
(49, 'account', '0002_auto_20151011_1430', '2016-10-01 23:55:36'),
(50, 'auth', '0007_auto_20151127_1656', '2016-10-01 23:55:36'),
(51, 'auth', '0008_auto_20160229_2210', '2016-10-01 23:55:36');

--
-- Volcado de datos para la tabla `django_session`
--

INSERT IGNORE INTO `django_session` (`session_key`, `session_data`, `expire_date`) VALUES
('0rlbpxo6n9l5e96w60drex71ebh0y6ma', 'MTBkZDAwNDNjMWU5YzQ3N2M1NDJhNTgyYTE1ODYyODE5YWMyMmE1Nzp7fQ==', '2016-08-25 16:57:45'),
('2iew2scya7wdjoiz0nvrm7a71tuxuwsv', 'MTBkZDAwNDNjMWU5YzQ3N2M1NDJhNTgyYTE1ODYyODE5YWMyMmE1Nzp7fQ==', '2016-08-25 16:57:46'),
('bt7fjhd848p4qqemivy94b5eapirnrkd', 'MTBkZDAwNDNjMWU5YzQ3N2M1NDJhNTgyYTE1ODYyODE5YWMyMmE1Nzp7fQ==', '2016-08-25 16:57:46'),
('czr97zccoks4va2japx8m9joooozl3os', 'MTBkZDAwNDNjMWU5YzQ3N2M1NDJhNTgyYTE1ODYyODE5YWMyMmE1Nzp7fQ==', '2016-08-25 16:57:47'),
('ybqiu4un63jkrl0wgux76eg5hdyw6gd2', 'MTBkZDAwNDNjMWU5YzQ3N2M1NDJhNTgyYTE1ODYyODE5YWMyMmE1Nzp7fQ==', '2016-08-25 16:57:48'),
('nbmb2afpzyd4yneo69yghmtrizzwbiuk', 'MTBkZDAwNDNjMWU5YzQ3N2M1NDJhNTgyYTE1ODYyODE5YWMyMmE1Nzp7fQ==', '2016-08-25 16:57:49'),
('qhid963lnrjqntaom1jsvs180kyoipnw', 'MTBkZDAwNDNjMWU5YzQ3N2M1NDJhNTgyYTE1ODYyODE5YWMyMmE1Nzp7fQ==', '2016-08-25 16:57:50'),
('1o3u8sj07tfitek0nzi5l52e7eth3h7q', 'MTBkZDAwNDNjMWU5YzQ3N2M1NDJhNTgyYTE1ODYyODE5YWMyMmE1Nzp7fQ==', '2016-08-25 16:57:51'),
('gq5rf754cuwb5iplkju26i30ax4kjc6e', 'NzQ1MTgxNDQ1MDFiMTczZjcwY2I4ZGE2MWM2MGU4YWUwYmU2ZjEwODp7Il9hdXRoX3VzZXJfaGFzaCI6ImIzMTFkMjAwYTY1YjA2ZDM1M2JiNTVhYzQwMjI3ZGU1NDA5OTU1ZDAiLCJfYXV0aF91c2VyX2JhY2tlbmQiOiJhbGxhdXRoLmFjY291bnQuYXV0aF9iYWNrZW5kcy5BdXRoZW50aWNhdGlvbkJhY2tlbmQiLCJfYXV0aF91c2VyX2lkIjoiMzkiLCJhY2NvdW50X3ZlcmlmaWVkX2VtYWlsIjpudWxsfQ==', '2016-08-25 17:27:57'),
('avzdso8kew579r9lkh4oxjyowvrqgjrs', 'MTBkZDAwNDNjMWU5YzQ3N2M1NDJhNTgyYTE1ODYyODE5YWMyMmE1Nzp7fQ==', '2016-08-25 17:44:05'),
('5cdc4kzliiimr2ynoyrvdgrpbiqvb691', 'MmYyZjJlODhjM2E1ZmQ2NzE0YjAwOTExZTdmZGZiMWFkMmZiMmQyYjp7Il9hdXRoX3VzZXJfaGFzaCI6ImU5MDk1MjQ0ZDQyZDAxMjBlMDllNDEyNWRkZDRlZWQ5MGYyNmQ3M2MiLCJfYXV0aF91c2VyX2JhY2tlbmQiOiJhbGxhdXRoLmFjY291bnQuYXV0aF9iYWNrZW5kcy5BdXRoZW50aWNhdGlvbkJhY2tlbmQiLCJfYXV0aF91c2VyX2lkIjoiNDAiLCJhY2NvdW50X3ZlcmlmaWVkX2VtYWlsIjpudWxsfQ==', '2016-08-25 17:52:39'),
('uwzf6eb6w4cj8urcrn0fy2zy03t9imni', 'MTBkZDAwNDNjMWU5YzQ3N2M1NDJhNTgyYTE1ODYyODE5YWMyMmE1Nzp7fQ==', '2016-08-25 18:16:17'),
('opjl0urqz2bh5g4g17ckif2tgiprtqom', 'ZjMwZGE2NjgzNDMwZjY0NzI2ZGZiMGIxYmQ4YTQxMWYyNjk2MTQzYjp7Il9hdXRoX3VzZXJfaGFzaCI6ImJjZGIzZjU5Y2U2ZjI0M2MzZGViMzA3NTRkY2NhZWVjNmJhM2QxNGEiLCJfYXV0aF91c2VyX2JhY2tlbmQiOiJhbGxhdXRoLmFjY291bnQuYXV0aF9iYWNrZW5kcy5BdXRoZW50aWNhdGlvbkJhY2tlbmQiLCJfYXV0aF91c2VyX2lkIjoiNDEiLCJhY2NvdW50X3ZlcmlmaWVkX2VtYWlsIjpudWxsfQ==', '2016-08-25 18:23:34'),
('w036i3j548yk0g4dnd12tgeffjlltqee', 'MTBkZDAwNDNjMWU5YzQ3N2M1NDJhNTgyYTE1ODYyODE5YWMyMmE1Nzp7fQ==', '2016-08-25 18:33:55'),
('dsx70hpm4w02abqk8nszjt24dcvmhyph', 'YTIyZmY2OTU5ZGE0MzAyOGZjMzhlYmI4OGI5ZmZmODM2Y2VhYTQ1Zjp7Il9hdXRoX3VzZXJfaGFzaCI6ImI5YmFlNTAwZmYxY2ZmZmI2MzJiMmI2YWM1Njk4YjNiNzFhM2UwZjMiLCJfYXV0aF91c2VyX2JhY2tlbmQiOiJhbGxhdXRoLmFjY291bnQuYXV0aF9iYWNrZW5kcy5BdXRoZW50aWNhdGlvbkJhY2tlbmQiLCJfYXV0aF91c2VyX2lkIjoiNDIiLCJhY2NvdW50X3ZlcmlmaWVkX2VtYWlsIjpudWxsfQ==', '2016-08-25 19:55:34'),
('jpef2hf4xczvne32c2uxbqpgwdrlbzmd', 'MTBkZDAwNDNjMWU5YzQ3N2M1NDJhNTgyYTE1ODYyODE5YWMyMmE1Nzp7fQ==', '2016-08-25 20:00:30'),
('c5h0wp0r5r5y7deiwv41wyimd0fbe9rq', 'OTlhM2U0MjlkMmZhMmVjMzY3OWExNmJlN2QyMWIzZWIyODIzYmMyNDp7Il9hdXRoX3VzZXJfaGFzaCI6ImZmN2UzY2EzOGQzZTBmMTY3NjdlNzVhZWUzMjgxZDFmMWI5YTk5NDIiLCJfYXV0aF91c2VyX2JhY2tlbmQiOiJhbGxhdXRoLmFjY291bnQuYXV0aF9iYWNrZW5kcy5BdXRoZW50aWNhdGlvbkJhY2tlbmQiLCJfYXV0aF91c2VyX2lkIjoiNDMiLCJhY2NvdW50X3ZlcmlmaWVkX2VtYWlsIjpudWxsfQ==', '2016-08-25 20:01:08'),
('0p7y481ys2mrwx5z9b1ib1vbm45yspcc', 'MTBkZDAwNDNjMWU5YzQ3N2M1NDJhNTgyYTE1ODYyODE5YWMyMmE1Nzp7fQ==', '2016-08-25 20:02:25'),
('xt6365ckm0l5a8kwml2qo34pc0vwynwi', 'NjcyN2EyNGNkZjdmY2MzMTYxMWQwNTIzNzFmOWQ3MGE0NTU0NmZlYjp7Il9hdXRoX3VzZXJfaGFzaCI6ImY3ZDJkYWQ2ZDUwODUzYjdhMDk3Y2U2MGU5MDIxZjU1OTQ3ZmM2YTciLCJfYXV0aF91c2VyX2JhY2tlbmQiOiJhbGxhdXRoLmFjY291bnQuYXV0aF9iYWNrZW5kcy5BdXRoZW50aWNhdGlvbkJhY2tlbmQiLCJfYXV0aF91c2VyX2lkIjoiNDQiLCJhY2NvdW50X3ZlcmlmaWVkX2VtYWlsIjpudWxsfQ==', '2016-08-25 20:02:38'),
('shc26lzq1gix6isbit3oubcc9alkvsk6', 'MTBkZDAwNDNjMWU5YzQ3N2M1NDJhNTgyYTE1ODYyODE5YWMyMmE1Nzp7fQ==', '2016-08-25 20:04:17'),
('jhkv9w1bui4hsfr0t0lirvlb7rlxy5s9', 'YTZiNzdmMGM3MjQ4M2NlMjJlMDY2ZjU5ODQ2NjgwZDRkYTVhNjU1YTp7Il9hdXRoX3VzZXJfaGFzaCI6IjAzMTRkNzg4YjAyNDc4ODAwYTIxYWMxMjg2YzNhYzc1Njg2NjJhMDgiLCJfYXV0aF91c2VyX2JhY2tlbmQiOiJhbGxhdXRoLmFjY291bnQuYXV0aF9iYWNrZW5kcy5BdXRoZW50aWNhdGlvbkJhY2tlbmQiLCJfYXV0aF91c2VyX2lkIjoiNDUiLCJhY2NvdW50X3ZlcmlmaWVkX2VtYWlsIjpudWxsfQ==', '2016-08-25 20:06:42'),
('fp5y5m7k7ytv1ae2rjph97ok35hl1q68', 'MTBkZDAwNDNjMWU5YzQ3N2M1NDJhNTgyYTE1ODYyODE5YWMyMmE1Nzp7fQ==', '2016-08-25 20:22:42'),
('e4q30zny0041jj6fdd7q30vlsazghpg4', 'MTBkZDAwNDNjMWU5YzQ3N2M1NDJhNTgyYTE1ODYyODE5YWMyMmE1Nzp7fQ==', '2016-08-25 20:07:13'),
('sef1cq1bksg9n9mtx6u2y9efpusz0xr8', 'ZmE3ZDI4OGE2ZGU3MWMzMThhN2Y0NjQzNzg5YWJiYzFlYjdmNGFmNzp7Il9hdXRoX3VzZXJfaGFzaCI6IjZjNTgxNDlkZDRiM2Y1MTEyYTU4ZGJkMjgzMDZhMjkyNDNlZDcxYzYiLCJfYXV0aF91c2VyX2JhY2tlbmQiOiJhbGxhdXRoLmFjY291bnQuYXV0aF9iYWNrZW5kcy5BdXRoZW50aWNhdGlvbkJhY2tlbmQiLCJfYXV0aF91c2VyX2lkIjoiNDYiLCJhY2NvdW50X3ZlcmlmaWVkX2VtYWlsIjpudWxsfQ==', '2016-08-25 20:07:21'),
('d7yjyzfzqc6uciyuiczlxknlqq3eqi98', 'MTBkZDAwNDNjMWU5YzQ3N2M1NDJhNTgyYTE1ODYyODE5YWMyMmE1Nzp7fQ==', '2016-08-25 20:08:51'),
('lbh5zl6ivk649c0kfn4s58y12jhzso63', 'OGJhZTQxZWFiM2U1ZTk1NmNiYjUzNjNhZjg2NzZlMTVlNTAyMjVjMDp7Il9hdXRoX3VzZXJfaGFzaCI6Ijg2MDY1YTViZjQyZmY3ZmU4ZDZlMzNhNGM3M2UxN2Y5MmVjNmY4MGUiLCJfYXV0aF91c2VyX2JhY2tlbmQiOiJhbGxhdXRoLmFjY291bnQuYXV0aF9iYWNrZW5kcy5BdXRoZW50aWNhdGlvbkJhY2tlbmQiLCJfYXV0aF91c2VyX2lkIjoiNDciLCJhY2NvdW50X3ZlcmlmaWVkX2VtYWlsIjpudWxsfQ==', '2016-08-25 20:11:27'),
('kp7w0asuu9fkg0k1lo2wxcu3l14hwquh', 'MTBkZDAwNDNjMWU5YzQ3N2M1NDJhNTgyYTE1ODYyODE5YWMyMmE1Nzp7fQ==', '2016-08-25 20:26:01'),
('tb4copdl6ane0q5d6bk08tymscgvmptt', 'MzUxMDVmMDBiMjdiMGRhYTlhMWI3OTRhNTUyN2Y4NDUwMDliNzVhZjp7Il9hdXRoX3VzZXJfaGFzaCI6IjFkNDQ1ZTEwYWZiNDNjNjY3MzgxODYyMzM1YjE1MDhlMzIwMTllYjYiLCJfYXV0aF91c2VyX2JhY2tlbmQiOiJhbGxhdXRoLmFjY291bnQuYXV0aF9iYWNrZW5kcy5BdXRoZW50aWNhdGlvbkJhY2tlbmQiLCJfYXV0aF91c2VyX2lkIjoiNDkiLCJhY2NvdW50X3ZlcmlmaWVkX2VtYWlsIjpudWxsfQ==', '2016-08-25 20:29:43'),
('tlogogqaawy99x0y15fbmxirdyfcph7e', 'MTBkZDAwNDNjMWU5YzQ3N2M1NDJhNTgyYTE1ODYyODE5YWMyMmE1Nzp7fQ==', '2016-08-25 20:34:36'),
('v8oh6gec733iknium9tbtgo6x2e5aw99', 'MTBkZDAwNDNjMWU5YzQ3N2M1NDJhNTgyYTE1ODYyODE5YWMyMmE1Nzp7fQ==', '2016-08-25 21:38:30'),
('t4xq1u4mlokc1gru5qyxe43zhi2jonm4', 'ZjVjOWNkODFmNjAxNDczYmNkMzA4MTlmMDZjZmY5ZTQ2NjU5NjFkNTp7Il9hdXRoX3VzZXJfaGFzaCI6ImUwNzRlNjY3NDdhYmJiN2RkMTExYTEwNDkwZTkxYjc0MzNiNGE3ZDEiLCJfYXV0aF91c2VyX2JhY2tlbmQiOiJhbGxhdXRoLmFjY291bnQuYXV0aF9iYWNrZW5kcy5BdXRoZW50aWNhdGlvbkJhY2tlbmQiLCJfYXV0aF91c2VyX2lkIjoiNTEiLCJhY2NvdW50X3ZlcmlmaWVkX2VtYWlsIjpudWxsfQ==', '2016-08-25 21:39:49'),
('00tiyt333fd5b8csj677eh4o0dyusc4b', 'MTBkZDAwNDNjMWU5YzQ3N2M1NDJhNTgyYTE1ODYyODE5YWMyMmE1Nzp7fQ==', '2016-08-25 22:13:11'),
('el201qyygkrl4utj84qlcpoisss0j8ba', 'NjMyODQ3M2JiMDZhMDE1ODQxMTNhMDc1ZDU2YjYzYTk3NGM5NDM4ZTp7Il9hdXRoX3VzZXJfaGFzaCI6ImVhOWM0YmMzZDAzZDU0YjVlOWYyNGI1NTliMzk3NTA5Nzc1MGNiZGEiLCJfYXV0aF91c2VyX2JhY2tlbmQiOiJhbGxhdXRoLmFjY291bnQuYXV0aF9iYWNrZW5kcy5BdXRoZW50aWNhdGlvbkJhY2tlbmQiLCJfYXV0aF91c2VyX2lkIjoiNTIiLCJhY2NvdW50X3ZlcmlmaWVkX2VtYWlsIjpudWxsfQ==', '2016-08-25 22:17:09'),
('f6faz50v21uhiwrufs8sm9q4w2efgjh2', 'MTBkZDAwNDNjMWU5YzQ3N2M1NDJhNTgyYTE1ODYyODE5YWMyMmE1Nzp7fQ==', '2016-08-25 22:24:44'),
('bgw94jgwae1csewn7wfqayrbd932o2ef', 'ZmRlYmNkMTkwMjM5NTlmODZkNjA5NGQzYTM5YzZjYmRhNDI3ZmFkNDp7Il9hdXRoX3VzZXJfaGFzaCI6IjI1ZDE1NjU2NWRmMzIzZGUxZTI4ZTdkOTcwNmEwY2JkNGE1OWIyNGEiLCJfYXV0aF91c2VyX2JhY2tlbmQiOiJhbGxhdXRoLmFjY291bnQuYXV0aF9iYWNrZW5kcy5BdXRoZW50aWNhdGlvbkJhY2tlbmQiLCJfYXV0aF91c2VyX2lkIjoiNTMiLCJhY2NvdW50X3ZlcmlmaWVkX2VtYWlsIjpudWxsfQ==', '2016-08-25 23:21:17'),
('tohne19ao269wfbcq8db45iruo929dah', 'MTBkZDAwNDNjMWU5YzQ3N2M1NDJhNTgyYTE1ODYyODE5YWMyMmE1Nzp7fQ==', '2016-08-25 23:30:55'),
('fj3p4rmrxcyi4xxumznwpaetvuec3tk9', 'MzFhNjMxZTI3NGVhYTE3ZTg1Mzc2NjYyMjNhZTdjMjM2MTMwMzBlZjp7Il9hdXRoX3VzZXJfaGFzaCI6ImY5MTY4ZDA4NDM0OGVmMjUwN2I1ZTkwMzMwZWFjZjUyZTQ1ZTYwZDUiLCJfYXV0aF91c2VyX2JhY2tlbmQiOiJhbGxhdXRoLmFjY291bnQuYXV0aF9iYWNrZW5kcy5BdXRoZW50aWNhdGlvbkJhY2tlbmQiLCJfYXV0aF91c2VyX2lkIjoiNTQiLCJhY2NvdW50X3ZlcmlmaWVkX2VtYWlsIjpudWxsfQ==', '2016-08-25 23:48:54'),
('sm89zl19s0coec37a53l7e3xmfedgbzj', 'MTBkZDAwNDNjMWU5YzQ3N2M1NDJhNTgyYTE1ODYyODE5YWMyMmE1Nzp7fQ==', '2016-08-26 14:54:29'),
('obka7ikkim8bgeciejvmetnd5p1wkt2q', 'MTBkZDAwNDNjMWU5YzQ3N2M1NDJhNTgyYTE1ODYyODE5YWMyMmE1Nzp7fQ==', '2016-08-26 14:54:43'),
('qj1h7xd0xk0p1czjxy3yp5m3t0ji3mi7', 'YjA1MmNiMmVjNTY0ZjVhODY4M2RjNWY2NjNiNTVlNDYzMjljMzY3ZDp7Il9hdXRoX3VzZXJfaGFzaCI6IjMxYTI0MWI2NjM4YTcyY2UzMTAwNGE0ZDFjNDNlNmY5NzlmOTQ4MTkiLCJfYXV0aF91c2VyX2JhY2tlbmQiOiJhbGxhdXRoLmFjY291bnQuYXV0aF9iYWNrZW5kcy5BdXRoZW50aWNhdGlvbkJhY2tlbmQiLCJfYXV0aF91c2VyX2lkIjoiNTYiLCJhY2NvdW50X3ZlcmlmaWVkX2VtYWlsIjpudWxsfQ==', '2016-08-26 14:55:13'),
('uh2vgtpmyo2wtlz2ndww5tgcj5qi1a76', 'MWJmMWU4YjBlMjAzODdiNWMwZmVlZTg1YzAwMjUwZjhkZmI2ZDk0Njp7Il9hdXRoX3VzZXJfaGFzaCI6ImNiNmMyZWM1ZTlhNzc2OWNjNTlkMDAzMzNkYzRkOTUxNWRkZDA3YjcifQ==', '2016-08-26 14:56:37'),
('c3jhwlvtbopxod0cs30p10ofe7nfo8q0', 'NzlhNWU4MjQ3YjliOTdmZmI3YTQ3OWMzYjlmYWI4MDhlZGE3ZGI5Yjp7Il9hdXRoX3VzZXJfaGFzaCI6IjY5NTcyY2YyN2IxYjA1ZGI4NDM5MWVhOTc3M2QxYTJlNTU0YzNjYWMifQ==', '2016-08-26 14:56:37'),
('pjwckxhxvqe2cb78z9ygkgs5xzbmx6sz', 'MTBkZDAwNDNjMWU5YzQ3N2M1NDJhNTgyYTE1ODYyODE5YWMyMmE1Nzp7fQ==', '2016-08-26 14:56:41'),
('68jlhccxdnpznqz03j0pg9vb6085lz78', 'MzYxNjM0YWY0NGZkM2ZhYmYzZTQwOWQ1YWQzNjgzNGM0NzkwYTU2Yzp7Il9hdXRoX3VzZXJfaGFzaCI6IjY5NTcyY2YyN2IxYjA1ZGI4NDM5MWVhOTc3M2QxYTJlNTU0YzNjYWMiLCJfYXV0aF91c2VyX2JhY2tlbmQiOiJkamFuZ28uY29udHJpYi5hdXRoLmJhY2tlbmRzLk1vZGVsQmFja2VuZCIsIl9hdXRoX3VzZXJfaWQiOiI1NiJ9', '2016-08-26 14:56:59'),
('hsessxkd3ree0vx04cazhgvhjre1n5ks', 'MTBkZDAwNDNjMWU5YzQ3N2M1NDJhNTgyYTE1ODYyODE5YWMyMmE1Nzp7fQ==', '2016-08-26 15:02:42'),
('9g2tuyy67bd6vpyecyyrmbt8w4rmxdgv', 'MTBkZDAwNDNjMWU5YzQ3N2M1NDJhNTgyYTE1ODYyODE5YWMyMmE1Nzp7fQ==', '2016-08-26 15:04:24'),
('uqql6rd2e99cavc79b013l5ikh2hrzo7', 'MTBkZDAwNDNjMWU5YzQ3N2M1NDJhNTgyYTE1ODYyODE5YWMyMmE1Nzp7fQ==', '2016-08-26 15:04:41'),
('qaijakxpoquqvtm72xg8l9trqyhqvvz4', 'MzYxNjM0YWY0NGZkM2ZhYmYzZTQwOWQ1YWQzNjgzNGM0NzkwYTU2Yzp7Il9hdXRoX3VzZXJfaGFzaCI6IjY5NTcyY2YyN2IxYjA1ZGI4NDM5MWVhOTc3M2QxYTJlNTU0YzNjYWMiLCJfYXV0aF91c2VyX2JhY2tlbmQiOiJkamFuZ28uY29udHJpYi5hdXRoLmJhY2tlbmRzLk1vZGVsQmFja2VuZCIsIl9hdXRoX3VzZXJfaWQiOiI1NiJ9', '2016-08-26 15:05:00'),
('y6zmf95nccn60w9tftensq0dfe08vjpi', 'MTBkZDAwNDNjMWU5YzQ3N2M1NDJhNTgyYTE1ODYyODE5YWMyMmE1Nzp7fQ==', '2016-08-26 15:08:06'),
('5a7wt7f25kilmpapob27g11ne2oslex9', 'MzYxNjM0YWY0NGZkM2ZhYmYzZTQwOWQ1YWQzNjgzNGM0NzkwYTU2Yzp7Il9hdXRoX3VzZXJfaGFzaCI6IjY5NTcyY2YyN2IxYjA1ZGI4NDM5MWVhOTc3M2QxYTJlNTU0YzNjYWMiLCJfYXV0aF91c2VyX2JhY2tlbmQiOiJkamFuZ28uY29udHJpYi5hdXRoLmJhY2tlbmRzLk1vZGVsQmFja2VuZCIsIl9hdXRoX3VzZXJfaWQiOiI1NiJ9', '2016-08-26 15:08:46'),
('wnzo6vdsj04a98fnvihhaxnqu1zid6u4', 'MTBkZDAwNDNjMWU5YzQ3N2M1NDJhNTgyYTE1ODYyODE5YWMyMmE1Nzp7fQ==', '2016-08-26 15:09:41'),
('89433px53dajdo4fu5ejuw2xrs3bd8aa', 'MzYxNjM0YWY0NGZkM2ZhYmYzZTQwOWQ1YWQzNjgzNGM0NzkwYTU2Yzp7Il9hdXRoX3VzZXJfaGFzaCI6IjY5NTcyY2YyN2IxYjA1ZGI4NDM5MWVhOTc3M2QxYTJlNTU0YzNjYWMiLCJfYXV0aF91c2VyX2JhY2tlbmQiOiJkamFuZ28uY29udHJpYi5hdXRoLmJhY2tlbmRzLk1vZGVsQmFja2VuZCIsIl9hdXRoX3VzZXJfaWQiOiI1NiJ9', '2016-08-26 15:10:39'),
('czbmb3pj4t5o90ir5ke3utxbqocqpquh', 'MTBkZDAwNDNjMWU5YzQ3N2M1NDJhNTgyYTE1ODYyODE5YWMyMmE1Nzp7fQ==', '2016-08-26 15:12:47'),
('y6ejfs8oh9peq34ou9k6jg27jktro2gj', 'MzYxNjM0YWY0NGZkM2ZhYmYzZTQwOWQ1YWQzNjgzNGM0NzkwYTU2Yzp7Il9hdXRoX3VzZXJfaGFzaCI6IjY5NTcyY2YyN2IxYjA1ZGI4NDM5MWVhOTc3M2QxYTJlNTU0YzNjYWMiLCJfYXV0aF91c2VyX2JhY2tlbmQiOiJkamFuZ28uY29udHJpYi5hdXRoLmJhY2tlbmRzLk1vZGVsQmFja2VuZCIsIl9hdXRoX3VzZXJfaWQiOiI1NiJ9', '2016-08-26 15:13:07'),
('selnjypbf6lp9ot6gz7899yehrul73sh', 'MTBkZDAwNDNjMWU5YzQ3N2M1NDJhNTgyYTE1ODYyODE5YWMyMmE1Nzp7fQ==', '2016-08-26 15:14:14'),
('7ah1g2q327je5z066wziechdo7uhnsh9', 'MTBkZDAwNDNjMWU5YzQ3N2M1NDJhNTgyYTE1ODYyODE5YWMyMmE1Nzp7fQ==', '2016-08-26 20:28:57'),
('uaxjmrwje70nze1mpdx76uobd1cosc0b', 'MTBkZDAwNDNjMWU5YzQ3N2M1NDJhNTgyYTE1ODYyODE5YWMyMmE1Nzp7fQ==', '2016-08-26 20:18:02'),
('kfv7kxh76hb0eyhf0k6hvc5zyqom0tl0', 'MTBkZDAwNDNjMWU5YzQ3N2M1NDJhNTgyYTE1ODYyODE5YWMyMmE1Nzp7fQ==', '2016-08-26 21:49:03'),
('mmmbbt2mba5yxmvo379wig36267ntu2h', 'NDkxM2QzYTk3MDhkODQ5YTEwOThjZjk0YTEyOTEwODk4YmNkYTc4Nzp7Il9hdXRoX3VzZXJfaGFzaCI6IjZjZjZmYmU4ODZlMDk2NjE5Yjc2YWY5MTMwZjk4NTdlMTU1MmY0MGQiLCJfYXV0aF91c2VyX2JhY2tlbmQiOiJkamFuZ28uY29udHJpYi5hdXRoLmJhY2tlbmRzLk1vZGVsQmFja2VuZCIsIl9hdXRoX3VzZXJfaWQiOiIxIn0=', '2016-08-26 22:39:35'),
('hjleqhzljzl04rtruolzbl1truuokkjw', 'NDA3MjNiYzgwYzc2NTFmNmFjZTllY2FlNTEzNDNmNWJjYTk0ZjNmMDp7Il9hdXRoX3VzZXJfaGFzaCI6ImU5N2E3NjNiODAwMWI5NjAyNDgyMWRmMTNlNjg0Y2IwYzZkMTY1ZGYiLCJfYXV0aF91c2VyX2JhY2tlbmQiOiJhbGxhdXRoLmFjY291bnQuYXV0aF9iYWNrZW5kcy5BdXRoZW50aWNhdGlvbkJhY2tlbmQiLCJfYXV0aF91c2VyX2lkIjoiNjAiLCJhY2NvdW50X3ZlcmlmaWVkX2VtYWlsIjpudWxsfQ==', '2016-08-26 20:29:20'),
('rl4p8v9bfe1cpkaf3skpgag1lxpjg05o', 'MTBkZDAwNDNjMWU5YzQ3N2M1NDJhNTgyYTE1ODYyODE5YWMyMmE1Nzp7fQ==', '2016-08-26 22:41:45'),
('e4y78n6v8omrnup2qjek2fin252kv3zy', 'MTBkZDAwNDNjMWU5YzQ3N2M1NDJhNTgyYTE1ODYyODE5YWMyMmE1Nzp7fQ==', '2016-08-28 14:27:57'),
('qrbwhum7opjqrja5j5zi5dr5odbf0ae6', 'MTBkZDAwNDNjMWU5YzQ3N2M1NDJhNTgyYTE1ODYyODE5YWMyMmE1Nzp7fQ==', '2016-09-23 16:06:21'),
('bld72er5uawgln64wt306ljw7pfx4ara', 'MTBkZDAwNDNjMWU5YzQ3N2M1NDJhNTgyYTE1ODYyODE5YWMyMmE1Nzp7fQ==', '2016-09-23 16:07:14'),
('7z7jeqqwev4wpr8544fzevhky3v5vwso', 'MTBkZDAwNDNjMWU5YzQ3N2M1NDJhNTgyYTE1ODYyODE5YWMyMmE1Nzp7fQ==', '2016-09-23 16:07:14'),
('bcvezj0l2y2mqg96vxc8xip4pf70lsrz', 'MTBkZDAwNDNjMWU5YzQ3N2M1NDJhNTgyYTE1ODYyODE5YWMyMmE1Nzp7fQ==', '2016-09-23 16:07:31'),
('gketu1wr0blazdd3jp8nzyjjc6p9aynl', 'MTBkZDAwNDNjMWU5YzQ3N2M1NDJhNTgyYTE1ODYyODE5YWMyMmE1Nzp7fQ==', '2016-09-23 16:07:43'),
('b0d4a1wdkuie3e1d989zayh2ziu001gy', 'MTBkZDAwNDNjMWU5YzQ3N2M1NDJhNTgyYTE1ODYyODE5YWMyMmE1Nzp7fQ==', '2016-09-23 16:10:08'),
('of58b5ao6nplo0z6bp0bcjan9uipvjo7', 'MTBkZDAwNDNjMWU5YzQ3N2M1NDJhNTgyYTE1ODYyODE5YWMyMmE1Nzp7fQ==', '2016-09-23 16:08:17'),
('082fitopw9f1ev5rsucu9f7dcnga24f4', 'MTBkZDAwNDNjMWU5YzQ3N2M1NDJhNTgyYTE1ODYyODE5YWMyMmE1Nzp7fQ==', '2016-09-23 16:08:43'),
('3rxsi8idmddrubj65kdi0mwrbxnzn9qj', 'YzU3ZTEzMDRiMDAwNjBmZDJlOTcwZDJjMWZlOTE0ZWIxMmQwZGYzYzp7Il9hdXRoX3VzZXJfaGFzaCI6IjAzOTA0NzM3ZjU3NmZjZGJlOTVkNzZmZjYwODFhNTc1MWEzNGM4MjIiLCJfYXV0aF91c2VyX2JhY2tlbmQiOiJhbGxhdXRoLmFjY291bnQuYXV0aF9iYWNrZW5kcy5BdXRoZW50aWNhdGlvbkJhY2tlbmQiLCJfYXV0aF91c2VyX2lkIjoiNjEifQ==', '2016-09-23 16:13:54'),
('f7herz7wap76pp52r2jzsdnvv1i9cd73', 'MTBkZDAwNDNjMWU5YzQ3N2M1NDJhNTgyYTE1ODYyODE5YWMyMmE1Nzp7fQ==', '2016-09-23 16:17:46'),
('jw7ng2ta8x30g05eh8jshhyb9iennasw', 'OGRkYTM1ZWM0MWQ0MmJmOTc2NDdhYzNjNmIyOGEyMmRhOTJkMTEzZDp7Il9hdXRoX3VzZXJfaGFzaCI6ImI2NjEyNjAyZDQ0M2Y1ZDlhMmRmYWFlNjY0Y2U5NDYxMjBlZDVjOWMiLCJfYXV0aF91c2VyX2JhY2tlbmQiOiJhbGxhdXRoLmFjY291bnQuYXV0aF9iYWNrZW5kcy5BdXRoZW50aWNhdGlvbkJhY2tlbmQiLCJfYXV0aF91c2VyX2lkIjoiNjIifQ==', '2016-09-23 16:19:12'),
('t5z6tgcbmnfvgw93ftvx0piw17h1zbx7', 'MTBkZDAwNDNjMWU5YzQ3N2M1NDJhNTgyYTE1ODYyODE5YWMyMmE1Nzp7fQ==', '2016-09-23 16:19:30'),
('op81dw42x77ht9ar0wzgbvsmubvsbq8a', 'ZGMzMjM1NmUxYWZhZjU0OWVmYzJjNDIzM2VmNTVhMTEzMDdkM2UwZDp7Il9hdXRoX3VzZXJfaGFzaCI6ImJkMGUxMGY0MmQzNTQwMzJmYWFhNWMwMDFjMTQyMjk2MDIwZGFmNWQiLCJfYXV0aF91c2VyX2JhY2tlbmQiOiJhbGxhdXRoLmFjY291bnQuYXV0aF9iYWNrZW5kcy5BdXRoZW50aWNhdGlvbkJhY2tlbmQiLCJfYXV0aF91c2VyX2lkIjoiNjMifQ==', '2016-09-23 16:20:27'),
('hu9il8g2c7y6p1wh1wwdnz6rzr979agq', 'YjVmMTZhZmNjZjMyM2M4ZDAyZWRiODk1NThlOWZkMjc2NTI0Yzg4Nzp7Il9hdXRoX3VzZXJfaGFzaCI6ImExZDM1ZTY0YTJhZWFjMmI0N2ZjNTY1MDJlZGJkZmYwOTJiZDdiYjAiLCJfYXV0aF91c2VyX2JhY2tlbmQiOiJkamFuZ28uY29udHJpYi5hdXRoLmJhY2tlbmRzLk1vZGVsQmFja2VuZCIsIl9hdXRoX3VzZXJfaWQiOiI1NSJ9', '2016-09-23 16:25:49'),
('e9kejtnfxz1zv51m5ygq8ixdqqyea03c', 'MTBkZDAwNDNjMWU5YzQ3N2M1NDJhNTgyYTE1ODYyODE5YWMyMmE1Nzp7fQ==', '2016-09-23 16:36:35'),
('6rj03itrhdu2wmskwfo654wwtb262opd', 'MTBkZDAwNDNjMWU5YzQ3N2M1NDJhNTgyYTE1ODYyODE5YWMyMmE1Nzp7fQ==', '2016-09-23 16:43:40'),
('01f8sy9ow46sjvqsv0u73xrc3ete6hz4', 'MTBkZDAwNDNjMWU5YzQ3N2M1NDJhNTgyYTE1ODYyODE5YWMyMmE1Nzp7fQ==', '2016-09-23 20:48:53'),
('cdv9c2gc13zubl84srk3pyzxokx3csv2', 'MjE5YjVhZGZjNTMxY2MxZTU5Nzk2Y2ExMDBkODkyODFmNzg0YjEwMDp7Il9hdXRoX3VzZXJfaGFzaCI6ImM0ZGU1MDM1NzM2ZGM2YWI0N2Q4Zjc4NGJiYzYzYTUyNWVlM2YxYjIiLCJfYXV0aF91c2VyX2JhY2tlbmQiOiJhbGxhdXRoLmFjY291bnQuYXV0aF9iYWNrZW5kcy5BdXRoZW50aWNhdGlvbkJhY2tlbmQiLCJfYXV0aF91c2VyX2lkIjoiNjYifQ==', '2016-09-26 15:51:34'),
('m805i29pdkelvdfmw9a68eskw1205y68', 'ZTAzZDFhOTcwMzBhMmM5OTFkNGY4NTk1OTRmM2I5MjQ2OTExNTM0Mjp7Il9hdXRoX3VzZXJfaGFzaCI6ImJhMDIxZjgyMDdiMjc5MzE0ZTE5Mzk4YmE3ZTExNGEzYmNkMGFhOTgiLCJfYXV0aF91c2VyX2JhY2tlbmQiOiJhbGxhdXRoLmFjY291bnQuYXV0aF9iYWNrZW5kcy5BdXRoZW50aWNhdGlvbkJhY2tlbmQiLCJfYXV0aF91c2VyX2lkIjoiNjgifQ==', '2016-09-26 20:52:13'),
('w4p66gu2pyhykrodz2p4qkxh3nvv2kbm', 'MTBkZDAwNDNjMWU5YzQ3N2M1NDJhNTgyYTE1ODYyODE5YWMyMmE1Nzp7fQ==', '2016-09-26 21:00:56'),
('66dnystiluppxmlrx0wbfgg3orte5a5d', 'MTRiNGQ5MjJkNDkwNTdlZmFlZWRhZmUxYTc2YmRkNzY1M2M2YWI1MDp7Il9hdXRoX3VzZXJfaGFzaCI6IjBjNjJkOWQ0NGJmMmI1YmQ3MjhkZGNmYjg1MmM1NTM4NTljM2NkNjIiLCJfYXV0aF91c2VyX2JhY2tlbmQiOiJhbGxhdXRoLmFjY291bnQuYXV0aF9iYWNrZW5kcy5BdXRoZW50aWNhdGlvbkJhY2tlbmQiLCJfYXV0aF91c2VyX2lkIjoiNjkifQ==', '2016-09-26 21:01:15'),
('0xbp6v02k63msp79u8s7senyzr6gvvhw', 'MTBkZDAwNDNjMWU5YzQ3N2M1NDJhNTgyYTE1ODYyODE5YWMyMmE1Nzp7fQ==', '2016-09-26 21:04:16'),
('xtvucq7y28x2x5vvmqduar8gizw41aur', 'NDkxM2QzYTk3MDhkODQ5YTEwOThjZjk0YTEyOTEwODk4YmNkYTc4Nzp7Il9hdXRoX3VzZXJfaGFzaCI6IjZjZjZmYmU4ODZlMDk2NjE5Yjc2YWY5MTMwZjk4NTdlMTU1MmY0MGQiLCJfYXV0aF91c2VyX2JhY2tlbmQiOiJkamFuZ28uY29udHJpYi5hdXRoLmJhY2tlbmRzLk1vZGVsQmFja2VuZCIsIl9hdXRoX3VzZXJfaWQiOiIxIn0=', '2016-09-26 21:04:36'),
('vziloi3u655cxuie132fmyiz71kxf6mq', 'MTBkZDAwNDNjMWU5YzQ3N2M1NDJhNTgyYTE1ODYyODE5YWMyMmE1Nzp7fQ==', '2016-09-26 21:05:54'),
('f2e3khg2z9yxmpwlp3kg8ven8j5kawt6', 'OGJmNzYzYzQ1YTBjNmIzZmVlNTBmM2M3YWI4MGQ4Y2ZkNWQ3YTU3Mjp7Il9hdXRoX3VzZXJfaGFzaCI6IjU3ZjkyNDNjNmZlNmRiMTc1MWMyNzFlZDg5YTMxNjAxZmFhODdhZmYiLCJfYXV0aF91c2VyX2JhY2tlbmQiOiJhbGxhdXRoLmFjY291bnQuYXV0aF9iYWNrZW5kcy5BdXRoZW50aWNhdGlvbkJhY2tlbmQiLCJfYXV0aF91c2VyX2lkIjoiNzAifQ==', '2016-09-26 21:06:26'),
('xvl6ultm5c5cyu3fjfa19wfghpbb6uoh', 'MTBkZDAwNDNjMWU5YzQ3N2M1NDJhNTgyYTE1ODYyODE5YWMyMmE1Nzp7fQ==', '2016-09-26 21:11:45'),
('xncwdp90xyskshtsfbpw7gncdjdta4ug', 'ZDA2MzNjNWIzNDAyN2ExMWQ0NDg4MmI4MWRiZDFiMjM1ZmIyM2IyMzp7Il9hdXRoX3VzZXJfaGFzaCI6IjYxMmJhZGY4Nzk3MTY5N2M0ZDdlMmQ3ZTFkMDllMjQzN2NmOGIyMTEiLCJfYXV0aF91c2VyX2JhY2tlbmQiOiJkamFuZ28uY29udHJpYi5hdXRoLmJhY2tlbmRzLk1vZGVsQmFja2VuZCIsIl9hdXRoX3VzZXJfaWQiOiI2NSJ9', '2016-09-26 21:59:59'),
('nsndcs8d5e5v0dw4zmy9dt4fzckcwgr0', 'ZDA2MzNjNWIzNDAyN2ExMWQ0NDg4MmI4MWRiZDFiMjM1ZmIyM2IyMzp7Il9hdXRoX3VzZXJfaGFzaCI6IjYxMmJhZGY4Nzk3MTY5N2M0ZDdlMmQ3ZTFkMDllMjQzN2NmOGIyMTEiLCJfYXV0aF91c2VyX2JhY2tlbmQiOiJkamFuZ28uY29udHJpYi5hdXRoLmJhY2tlbmRzLk1vZGVsQmFja2VuZCIsIl9hdXRoX3VzZXJfaWQiOiI2NSJ9', '2016-09-26 23:13:57'),
('9z48rvm2r4d2ydixuoxem56o4zcxe0ep', 'MTBkZDAwNDNjMWU5YzQ3N2M1NDJhNTgyYTE1ODYyODE5YWMyMmE1Nzp7fQ==', '2016-09-27 16:10:08'),
('ay8aeeab6sempfr96etqgyjl3hw4ykam', 'M2JmNTU3Nzg5ODI3YTcwY2I5MTI4OGIxMzg5YjAyOTZmMDVlMGY3ZTp7Il9hdXRoX3VzZXJfaGFzaCI6ImVhNTU3N2NkOTQ3MzJjOTZjYjA0M2FhMTIxZjhhMTRmZTg4NzU4OTciLCJfYXV0aF91c2VyX2JhY2tlbmQiOiJhbGxhdXRoLmFjY291bnQuYXV0aF9iYWNrZW5kcy5BdXRoZW50aWNhdGlvbkJhY2tlbmQiLCJfYXV0aF91c2VyX2lkIjoiNzEifQ==', '2016-09-27 19:50:58'),
('9c39cz3n7x7p3bia5ky6nalfm498thn5', 'MTBkZDAwNDNjMWU5YzQ3N2M1NDJhNTgyYTE1ODYyODE5YWMyMmE1Nzp7fQ==', '2016-09-27 20:18:46'),
('fr303wr2w4095mstes7wo7d5ns8auvkx', 'YWYwZDJkOGNjNzkwNTI1MzliYjY0ZTcwOTg3NzJiMTVlNTUxYTZhZTp7Il9hdXRoX3VzZXJfaGFzaCI6IjJjN2ZlY2I1ZDdiMzM2NjQ2MWJlMWQ4NDMzMzE2YTQ1MTNlNjRjZjMiLCJfYXV0aF91c2VyX2JhY2tlbmQiOiJkamFuZ28uY29udHJpYi5hdXRoLmJhY2tlbmRzLk1vZGVsQmFja2VuZCIsIl9hdXRoX3VzZXJfaWQiOiIxMCJ9', '2016-09-29 14:54:07'),
('amerns99t2q4i5vsq7yqtsl2ppc76w8b', 'YmNjYjM4NTY0MzcxNTczMmQ1YmFlZGJhOWZkMmRkMmZhOTBhZGRkNTp7Il9hdXRoX3VzZXJfaGFzaCI6ImVhNTU3N2NkOTQ3MzJjOTZjYjA0M2FhMTIxZjhhMTRmZTg4NzU4OTciLCJfYXV0aF91c2VyX2JhY2tlbmQiOiJkamFuZ28uY29udHJpYi5hdXRoLmJhY2tlbmRzLk1vZGVsQmFja2VuZCIsIl9hdXRoX3VzZXJfaWQiOiI3MSJ9', '2016-10-03 20:59:14'),
('jodkw7c0u6qk6icwah6axwierneb05xj', 'MTBkZDAwNDNjMWU5YzQ3N2M1NDJhNTgyYTE1ODYyODE5YWMyMmE1Nzp7fQ==', '2016-10-03 21:04:19'),
('sgh6iu3iaffizsnpwln3cxfy9m3emify', 'YWI5NWQ0ZWRkMjk3ODllNjVhMTUwNjRhMThjYWRhYjIzZDQzM2E4Mzp7Il9hdXRoX3VzZXJfaGFzaCI6IjdlZGY4NmY1ODQyYWMwMmRhN2U3NjM0M2Y4Yzc1NDY3Njc5Yjc3YWUiLCJfYXV0aF91c2VyX2JhY2tlbmQiOiJhbGxhdXRoLmFjY291bnQuYXV0aF9iYWNrZW5kcy5BdXRoZW50aWNhdGlvbkJhY2tlbmQiLCJfYXV0aF91c2VyX2lkIjoiNzIifQ==', '2016-10-03 21:04:46'),
('3zupi7grrl3hx8weveqi02l7phlb22x1', 'YmNjYjM4NTY0MzcxNTczMmQ1YmFlZGJhOWZkMmRkMmZhOTBhZGRkNTp7Il9hdXRoX3VzZXJfaGFzaCI6ImVhNTU3N2NkOTQ3MzJjOTZjYjA0M2FhMTIxZjhhMTRmZTg4NzU4OTciLCJfYXV0aF91c2VyX2JhY2tlbmQiOiJkamFuZ28uY29udHJpYi5hdXRoLmJhY2tlbmRzLk1vZGVsQmFja2VuZCIsIl9hdXRoX3VzZXJfaWQiOiI3MSJ9', '2016-10-03 21:14:26'),
('wxjdve5i4el55v7cfo1n4i6sdq0b6cuz', 'MjU1ZTljYzk1Y2UwMGYxODRkMDM1NDVjNGQ1NDY3YTBkY2VlZTRiYjp7Il9hdXRoX3VzZXJfaGFzaCI6ImMyMTQxZjQxZDU3YTUzZmE2NmI3NTY4YzEzOGM4N2Q0Yjc0NTQxZDIiLCJfYXV0aF91c2VyX2JhY2tlbmQiOiJhbGxhdXRoLmFjY291bnQuYXV0aF9iYWNrZW5kcy5BdXRoZW50aWNhdGlvbkJhY2tlbmQiLCJfYXV0aF91c2VyX2lkIjoiNzMifQ==', '2016-10-04 16:54:25'),
('sl78vek1xioxp4m273v3za3qbkxdv39h', 'NzE3YThlOTY4OTQ4NGE2NzA0MTgyMzhjMjk1OTBmYzZlYWJiYTc1NTp7Il9hdXRoX3VzZXJfaGFzaCI6IjIwZjdjODEwNWJiY2UzNWM0NjhkZjU3MTExYjYwMGNhMmZhY2MxNTAiLCJfYXV0aF91c2VyX2JhY2tlbmQiOiJhbGxhdXRoLmFjY291bnQuYXV0aF9iYWNrZW5kcy5BdXRoZW50aWNhdGlvbkJhY2tlbmQiLCJfYXV0aF91c2VyX2lkIjoiNzQifQ==', '2016-10-04 17:56:05'),
('9qmb0wxr4dxibiis0ebhwejoj7krwgc3', 'MTBkZDAwNDNjMWU5YzQ3N2M1NDJhNTgyYTE1ODYyODE5YWMyMmE1Nzp7fQ==', '2016-10-04 18:13:52'),
('y1bcu5feqj4woqpy8f3q9shqhfci34s6', 'YmU3NzcwYTY1N2Y5OGMxMDJlYjM0OTI0OTY5MzQ2N2JhZmYxNWQ5NTp7Il9hdXRoX3VzZXJfaGFzaCI6IjM4ZjUzNjMyODViOGM1Y2U2ZDZhZGYwODFkMGVhNWU3YTQ4MzU2ODQiLCJfYXV0aF91c2VyX2JhY2tlbmQiOiJkamFuZ28uY29udHJpYi5hdXRoLmJhY2tlbmRzLk1vZGVsQmFja2VuZCIsIl9hdXRoX3VzZXJfaWQiOiIxMyJ9', '2016-10-04 21:10:45'),
('zw17r4qfjwwaswu7zzt3mdrz1gbkffog', 'YzQ2YzI0MmQ5YWQ3MDNkNzVlNTA3MWI1ZTQxMzgxMzVhNDg3YmNjNzp7Il9hdXRoX3VzZXJfaGFzaCI6IjU5ZjBiMmM0MDE1ZTI5Y2U2MGUwYTUxMjVmZGI3MzRjN2ZkN2JlNWMiLCJfYXV0aF91c2VyX2JhY2tlbmQiOiJhbGxhdXRoLmFjY291bnQuYXV0aF9iYWNrZW5kcy5BdXRoZW50aWNhdGlvbkJhY2tlbmQiLCJfYXV0aF91c2VyX2lkIjoiNzUifQ==', '2016-10-04 20:22:30'),
('oai2uiu2jqbxncw35z0ctsbtqrjq6ghw', 'MTBkZDAwNDNjMWU5YzQ3N2M1NDJhNTgyYTE1ODYyODE5YWMyMmE1Nzp7fQ==', '2016-10-04 20:40:19'),
('30yaxufrrhq18g4gb7xqnzcxl67tnj9m', 'MjI1MzAwZDM3MTc1YzQ1NmRiMTk3ODQ3ODQyYjE4N2VjOWNhZTJiYzp7Il9hdXRoX3VzZXJfaGFzaCI6IjIzYzZlOTlhOTBiM2VhMzJlNWYyM2RlYWNmY2RlNDMyZDY4ZTFjMTciLCJfYXV0aF91c2VyX2JhY2tlbmQiOiJhbGxhdXRoLmFjY291bnQuYXV0aF9iYWNrZW5kcy5BdXRoZW50aWNhdGlvbkJhY2tlbmQiLCJfYXV0aF91c2VyX2lkIjoiNzYifQ==', '2016-10-04 21:26:18'),
('56y0otqbabhjzgpiy10zmq3j1gvvm2da', 'MTBkZDAwNDNjMWU5YzQ3N2M1NDJhNTgyYTE1ODYyODE5YWMyMmE1Nzp7fQ==', '2016-10-04 21:50:50'),
('oggw0er224etptxcwel4ae0nl1tc5e9t', 'ZDA5MmUzZjQxMWQ3MDhiYzc4ZWM5ODIzZjk1ZGI5MTY1NTNmZmY4MDp7Il9hdXRoX3VzZXJfaGFzaCI6ImViZmE4MjE3MTA0YzdmNGE2ZTQwMDdmOGFkMzA2YjM1MzJkYzNhYjgiLCJfYXV0aF91c2VyX2JhY2tlbmQiOiJhbGxhdXRoLmFjY291bnQuYXV0aF9iYWNrZW5kcy5BdXRoZW50aWNhdGlvbkJhY2tlbmQiLCJfYXV0aF91c2VyX2lkIjoiNzcifQ==', '2016-10-06 14:32:00'),
('my85xe0kkp90kpgqehcr54rv4hgldnbh', 'MTBkZDAwNDNjMWU5YzQ3N2M1NDJhNTgyYTE1ODYyODE5YWMyMmE1Nzp7fQ==', '2016-10-06 15:42:17'),
('b25wzie63zoobirzf1wmb5p0ka04hnyf', 'YzE1Yjk1NzViMTU4YjFlMmY0MDRlODUxMGY5M2YzNzYyOWNiMzJmMDp7Il9hdXRoX3VzZXJfaGFzaCI6IjNlNzg3ZjQ0Y2I5NGE4YzZmNjE4NDI2OGQ1MjcyYWExYzVhYzA2ODciLCJfYXV0aF91c2VyX2JhY2tlbmQiOiJhbGxhdXRoLmFjY291bnQuYXV0aF9iYWNrZW5kcy5BdXRoZW50aWNhdGlvbkJhY2tlbmQiLCJfYXV0aF91c2VyX2lkIjoiNzgifQ==', '2016-10-06 15:52:31'),
('w3uft1ddb2c6tp9i8g1plgnhdbp4g4ge', 'MTBkZDAwNDNjMWU5YzQ3N2M1NDJhNTgyYTE1ODYyODE5YWMyMmE1Nzp7fQ==', '2016-10-07 15:40:09'),
('p5zxj1o3zvuqg9fwmoo9hfne4tyipuo0', 'MDY3MzI3NDRjMmQxYTY2YzgzNDgzODA4ZWVhY2RhYTdhZDhjMjEwZDp7Il9hdXRoX3VzZXJfaGFzaCI6IjQ0NzA5Mzc1NjFhNDU1ZjkwNjc4YmVhZGY5MDQ5ZGE0MmRlM2I4ZDMiLCJfYXV0aF91c2VyX2JhY2tlbmQiOiJhbGxhdXRoLmFjY291bnQuYXV0aF9iYWNrZW5kcy5BdXRoZW50aWNhdGlvbkJhY2tlbmQiLCJfYXV0aF91c2VyX2lkIjoiODUifQ==', '2016-10-07 15:43:10'),
('0a1qd8qg2t67scref06finmpbwttu1jy', 'YjVmMTZhZmNjZjMyM2M4ZDAyZWRiODk1NThlOWZkMjc2NTI0Yzg4Nzp7Il9hdXRoX3VzZXJfaGFzaCI6ImExZDM1ZTY0YTJhZWFjMmI0N2ZjNTY1MDJlZGJkZmYwOTJiZDdiYjAiLCJfYXV0aF91c2VyX2JhY2tlbmQiOiJkamFuZ28uY29udHJpYi5hdXRoLmJhY2tlbmRzLk1vZGVsQmFja2VuZCIsIl9hdXRoX3VzZXJfaWQiOiI1NSJ9', '2016-10-07 15:51:42'),
('1hibebe76dbmbj004nw821tyjt5t77sc', 'MDk1N2I0MjU0MjZhMDcwMTVmMzJkYmU3Y2Y4NjM3Yjc4MDRlYzhlYzp7Il9hdXRoX3VzZXJfaGFzaCI6IjQ0NzA5Mzc1NjFhNDU1ZjkwNjc4YmVhZGY5MDQ5ZGE0MmRlM2I4ZDMiLCJfYXV0aF91c2VyX2JhY2tlbmQiOiJkamFuZ28uY29udHJpYi5hdXRoLmJhY2tlbmRzLk1vZGVsQmFja2VuZCIsIl9hdXRoX3VzZXJfaWQiOiI4NSJ9', '2016-10-07 15:58:09'),
('i9n8bxlkbanpq7e1gzpwfypod1lvwhlr', 'MDk1N2I0MjU0MjZhMDcwMTVmMzJkYmU3Y2Y4NjM3Yjc4MDRlYzhlYzp7Il9hdXRoX3VzZXJfaGFzaCI6IjQ0NzA5Mzc1NjFhNDU1ZjkwNjc4YmVhZGY5MDQ5ZGE0MmRlM2I4ZDMiLCJfYXV0aF91c2VyX2JhY2tlbmQiOiJkamFuZ28uY29udHJpYi5hdXRoLmJhY2tlbmRzLk1vZGVsQmFja2VuZCIsIl9hdXRoX3VzZXJfaWQiOiI4NSJ9', '2016-10-07 16:16:16'),
('7u6yo6c2p8z8bv7o2ktlvafmivaqfq9v', 'MDk1N2I0MjU0MjZhMDcwMTVmMzJkYmU3Y2Y4NjM3Yjc4MDRlYzhlYzp7Il9hdXRoX3VzZXJfaGFzaCI6IjQ0NzA5Mzc1NjFhNDU1ZjkwNjc4YmVhZGY5MDQ5ZGE0MmRlM2I4ZDMiLCJfYXV0aF91c2VyX2JhY2tlbmQiOiJkamFuZ28uY29udHJpYi5hdXRoLmJhY2tlbmRzLk1vZGVsQmFja2VuZCIsIl9hdXRoX3VzZXJfaWQiOiI4NSJ9', '2016-10-07 16:17:02'),
('hydafljhnml3nqvd5k7n5hf9lsplcniq', 'YTIzM2U4ZTk3Y2MyYjgwYzMyMDcyNGY4OGEwOTE5MDkwNDU0Y2IyMjp7Il9hdXRoX3VzZXJfaGFzaCI6IjMzYzRmMjk2ZWJjN2RhYmVlYzJlYjFiM2ZjNGI4YTc3NjM4ZTRkNzgiLCJfYXV0aF91c2VyX2JhY2tlbmQiOiJhbGxhdXRoLmFjY291bnQuYXV0aF9iYWNrZW5kcy5BdXRoZW50aWNhdGlvbkJhY2tlbmQiLCJfYXV0aF91c2VyX2lkIjoiODYifQ==', '2016-10-07 16:35:39'),
('9twdd6jv2cj94thmtiab664f5p9tbfc9', 'NTkxYzY4NDRiYWEwYzgzMTc3MmY0YmVkMmM5YjExNTkwMmY4MTJkNzp7Il9hdXRoX3VzZXJfaGFzaCI6IjkzMWU2ZDJjNmNhZTNhMDY1ODM0YWUyNTc1NDgzNzVkNmFjZTkyODkiLCJfYXV0aF91c2VyX2JhY2tlbmQiOiJkamFuZ28uY29udHJpYi5hdXRoLmJhY2tlbmRzLk1vZGVsQmFja2VuZCIsIl9hdXRoX3VzZXJfaWQiOiI4OSJ9', '2016-10-11 20:14:09'),
('xgvoxgl608o7c73ioje25t5370jnwd6t', 'MTBkZDAwNDNjMWU5YzQ3N2M1NDJhNTgyYTE1ODYyODE5YWMyMmE1Nzp7fQ==', '2016-10-11 19:15:37'),
('oz94y7u6grjndzi0waedscsj7t6sjt6y', 'ZDA2MzNjNWIzNDAyN2ExMWQ0NDg4MmI4MWRiZDFiMjM1ZmIyM2IyMzp7Il9hdXRoX3VzZXJfaGFzaCI6IjYxMmJhZGY4Nzk3MTY5N2M0ZDdlMmQ3ZTFkMDllMjQzN2NmOGIyMTEiLCJfYXV0aF91c2VyX2JhY2tlbmQiOiJkamFuZ28uY29udHJpYi5hdXRoLmJhY2tlbmRzLk1vZGVsQmFja2VuZCIsIl9hdXRoX3VzZXJfaWQiOiI2NSJ9', '2016-10-12 16:52:10'),
('dbdvnwppeq94nb9jul9ktcna332s4s6h', 'ZDA2MzNjNWIzNDAyN2ExMWQ0NDg4MmI4MWRiZDFiMjM1ZmIyM2IyMzp7Il9hdXRoX3VzZXJfaGFzaCI6IjYxMmJhZGY4Nzk3MTY5N2M0ZDdlMmQ3ZTFkMDllMjQzN2NmOGIyMTEiLCJfYXV0aF91c2VyX2JhY2tlbmQiOiJkamFuZ28uY29udHJpYi5hdXRoLmJhY2tlbmRzLk1vZGVsQmFja2VuZCIsIl9hdXRoX3VzZXJfaWQiOiI2NSJ9', '2016-10-12 17:00:33'),
('l0aq4wnhcny2zovte282mbs8378prirg', 'MGJjZWRjNmQ1ZTlhN2YzMTVlN2VmMzI4NTI4ZWVmYTE3ODExODgzZTp7Il9hdXRoX3VzZXJfaGFzaCI6IjEyMGZmMTM3NmQwYzg0MWExYTAyNDk1ZWNmMGUyNmM3ZGUzYmJjZTciLCJfYXV0aF91c2VyX2JhY2tlbmQiOiJhbGxhdXRoLmFjY291bnQuYXV0aF9iYWNrZW5kcy5BdXRoZW50aWNhdGlvbkJhY2tlbmQiLCJfYXV0aF91c2VyX2lkIjoiOTUifQ==', '2016-10-14 17:08:24'),
('t1xktp8j9yx8bi48l81qhmoykslywit1', 'MTBkZDAwNDNjMWU5YzQ3N2M1NDJhNTgyYTE1ODYyODE5YWMyMmE1Nzp7fQ==', '2016-10-14 17:58:05'),
('dop7vnqczwfx5wffhaig2inw1rwnt1yg', 'MWJiNDU0NzU4M2E3ZGMzMTI5ZmQ0NTkxOTE5YWNmODQ5NTMxYTk0NTp7Il9hdXRoX3VzZXJfaGFzaCI6IjAwOGQwM2I3ZTUzN2M4NzJlYTZjOTMzZDAwMjhkMTZiMTMxZGU5M2YiLCJfYXV0aF91c2VyX2JhY2tlbmQiOiJhbGxhdXRoLmFjY291bnQuYXV0aF9iYWNrZW5kcy5BdXRoZW50aWNhdGlvbkJhY2tlbmQiLCJfYXV0aF91c2VyX2lkIjoiOTcifQ==', '2016-10-14 20:45:13'),
('eiuoo4dc8zn2rlbmbud45bzjfh1c9pk8', 'NTg1NzQ0YjBlMWNkMzhhMjNlYjBhNTAyZmRkN2UyMDg4MmU2NDhjNzp7Il9hdXRoX3VzZXJfaGFzaCI6ImE1OWY3ZjA1NzUwNTZjYTMzOGYwODZiZTdiODU1ZGQ0MWQzNjZhMDgiLCJfYXV0aF91c2VyX2JhY2tlbmQiOiJhbGxhdXRoLmFjY291bnQuYXV0aF9iYWNrZW5kcy5BdXRoZW50aWNhdGlvbkJhY2tlbmQiLCJfYXV0aF91c2VyX2lkIjoiOTgifQ==', '2016-10-14 21:30:15'),
('nmcuim2pkuqjog6u27aj7a1suzj6r1f9', 'YjVmMTZhZmNjZjMyM2M4ZDAyZWRiODk1NThlOWZkMjc2NTI0Yzg4Nzp7Il9hdXRoX3VzZXJfaGFzaCI6ImExZDM1ZTY0YTJhZWFjMmI0N2ZjNTY1MDJlZGJkZmYwOTJiZDdiYjAiLCJfYXV0aF91c2VyX2JhY2tlbmQiOiJkamFuZ28uY29udHJpYi5hdXRoLmJhY2tlbmRzLk1vZGVsQmFja2VuZCIsIl9hdXRoX3VzZXJfaWQiOiI1NSJ9', '2016-10-17 15:04:16'),
('twhvf3g839621dcgmc4ktgjald1bt83g', 'Y2QwZjZlN2NlNmZiN2I2NzY1MzU0MjM1YjUzNDBiM2FkNjA5OGQwYzp7Il9hdXRoX3VzZXJfaGFzaCI6IjJiNmE1OWJkNGRiYjRkYTljZmVjMjZjNTI1OTJmZGI2NjFlOTUxMzMiLCJfYXV0aF91c2VyX2JhY2tlbmQiOiJkamFuZ28uY29udHJpYi5hdXRoLmJhY2tlbmRzLk1vZGVsQmFja2VuZCIsIl9hdXRoX3VzZXJfaWQiOiI1NSJ9', '2016-10-17 15:51:09'),
('kz7gz3fz1gigzzggqcsb2oonwdnsweim', 'YjVmMTZhZmNjZjMyM2M4ZDAyZWRiODk1NThlOWZkMjc2NTI0Yzg4Nzp7Il9hdXRoX3VzZXJfaGFzaCI6ImExZDM1ZTY0YTJhZWFjMmI0N2ZjNTY1MDJlZGJkZmYwOTJiZDdiYjAiLCJfYXV0aF91c2VyX2JhY2tlbmQiOiJkamFuZ28uY29udHJpYi5hdXRoLmJhY2tlbmRzLk1vZGVsQmFja2VuZCIsIl9hdXRoX3VzZXJfaWQiOiI1NSJ9', '2016-10-17 15:48:28'),
('9cybrxie9rjoatgsnqg88cavbou2blb9', 'NDM4ZTNkMDJjNzJmMWU2MTY0Y2U1Y2Q3N2EwMjY2NGEyNmRhNWY2MDp7Il9hdXRoX3VzZXJfaGFzaCI6IjJiNmE1OWJkNGRiYjRkYTljZmVjMjZjNTI1OTJmZGI2NjFlOTUxMzMifQ==', '2016-10-17 15:50:32'),
('tyvb9ih5s0teak2oz085hrwoh4c0f6ti', 'MTBkZDAwNDNjMWU5YzQ3N2M1NDJhNTgyYTE1ODYyODE5YWMyMmE1Nzp7fQ==', '2016-10-17 15:50:43'),
('uzpoi9upu233j7ft7mdvm0lhwl66s25v', 'MTBkZDAwNDNjMWU5YzQ3N2M1NDJhNTgyYTE1ODYyODE5YWMyMmE1Nzp7fQ==', '2016-10-17 20:11:27'),
('o4cu2bcu6jzgsesshiqxjgzuzi8ooug6', 'MTBkZDAwNDNjMWU5YzQ3N2M1NDJhNTgyYTE1ODYyODE5YWMyMmE1Nzp7fQ==', '2016-10-17 20:12:12'),
('cjpocl4xjdmyyjboslspjnbtw1dvfx6j', 'NmE0ZDg0ZWQ5YjA2MDU4YzNjOWYxZjY5MGIyYTk0ODJmMjQ4OGFhMjp7Il9hdXRoX3VzZXJfaGFzaCI6IjM4YWJhMGVmY2U5ZDQ5YmFlZDI3NDYyODkyNDkwYjRmNzczOGRjYmEiLCJfYXV0aF91c2VyX2JhY2tlbmQiOiJhbGxhdXRoLmFjY291bnQuYXV0aF9iYWNrZW5kcy5BdXRoZW50aWNhdGlvbkJhY2tlbmQiLCJfYXV0aF91c2VyX2lkIjoiMTAxIn0=', '2016-10-17 20:13:22'),
('xu4fu4wb9285xs542a65164keiuf41se', 'MTBkZDAwNDNjMWU5YzQ3N2M1NDJhNTgyYTE1ODYyODE5YWMyMmE1Nzp7fQ==', '2016-10-17 20:13:51'),
('6xkkr6mokxeiatvgbhfonecaupcrjvp6', 'NWMxNWRjYzBhMGQ4NTBmZmVhMjU0MmU0YWYxODU1ZGRlYjRhZjA5Nzp7Il9hdXRoX3VzZXJfaGFzaCI6ImQwN2YxMzk4YjhiYzYxZjYwZGQxNGYyZmUxMTI2YWMyNDhhZDU2ZTEiLCJfYXV0aF91c2VyX2JhY2tlbmQiOiJhbGxhdXRoLmFjY291bnQuYXV0aF9iYWNrZW5kcy5BdXRoZW50aWNhdGlvbkJhY2tlbmQiLCJfYXV0aF91c2VyX2lkIjoiMTAyIn0=', '2016-10-18 15:35:00'),
('vvj2u87r9gxduvdkm023gwtri1gbn0kc', 'MTBkZDAwNDNjMWU5YzQ3N2M1NDJhNTgyYTE1ODYyODE5YWMyMmE1Nzp7fQ==', '2016-10-18 16:18:05'),
('vua89ezpoy2p0m8lpblfnne3mheq8pvq', 'ZDI5NTZlNDJmN2JkNWNkOGUzYzFhODBkMjYwYTYyMWQ3ZWQ4ZTA5YTp7Il9hdXRoX3VzZXJfaGFzaCI6IjhmNDFlNjUxMzQ4ODQzNTY4ZjZmYzg4NGUyZmFjZGQ5MzQyZDRkNzIiLCJfYXV0aF91c2VyX2JhY2tlbmQiOiJhbGxhdXRoLmFjY291bnQuYXV0aF9iYWNrZW5kcy5BdXRoZW50aWNhdGlvbkJhY2tlbmQiLCJfYXV0aF91c2VyX2lkIjoiMTAzIn0=', '2016-10-18 16:19:11'),
('tkodmizacr2rolwxxp3ebgdzys49dd17', 'MTBkZDAwNDNjMWU5YzQ3N2M1NDJhNTgyYTE1ODYyODE5YWMyMmE1Nzp7fQ==', '2016-10-18 16:48:54'),
('46cs6bcp6x2xzey1obgfbpdr1zezfpjh', 'MmVmODU5N2Y2Njk4MTYzN2NiMWZiZGE2NTRkMTJmODI5YTU4MGY0ZTp7Il9hdXRoX3VzZXJfaGFzaCI6ImUzNjE1Mjg5YmNiZDBiOGI3ODUyNzYxYzRhYmVjMTdlOTAwZGIzYzkiLCJfYXV0aF91c2VyX2JhY2tlbmQiOiJhbGxhdXRoLmFjY291bnQuYXV0aF9iYWNrZW5kcy5BdXRoZW50aWNhdGlvbkJhY2tlbmQiLCJfYXV0aF91c2VyX2lkIjoiMTA0In0=', '2016-10-18 16:51:23'),
('vu007ornoep5q9im4d12ry88cyo233qp', 'MTBkZDAwNDNjMWU5YzQ3N2M1NDJhNTgyYTE1ODYyODE5YWMyMmE1Nzp7fQ==', '2016-10-18 17:07:12'),
('jl5vek3gva2wlk6v9qoy5f9irhb3myo7', 'N2FhNzVjYTU5YjBmMzFjZDJkYmZhZjVhZTFkMjhjMjI3NzE2YjQ2Njp7Il9hdXRoX3VzZXJfaGFzaCI6ImVjZDA4MDlkMDkyYTkzZTllMTIzYTRkMGQ1NzAwMWFlN2Y1MDcxYjgiLCJfYXV0aF91c2VyX2JhY2tlbmQiOiJhbGxhdXRoLmFjY291bnQuYXV0aF9iYWNrZW5kcy5BdXRoZW50aWNhdGlvbkJhY2tlbmQiLCJfYXV0aF91c2VyX2lkIjoiMTA1In0=', '2016-10-18 17:53:03'),
('sxs50o8by6nit8bp08hytr0p6a3cawiy', 'MTBkZDAwNDNjMWU5YzQ3N2M1NDJhNTgyYTE1ODYyODE5YWMyMmE1Nzp7fQ==', '2016-10-18 18:09:53'),
('8wu2idnzqhalwddocyjst20xpksb5i0q', 'ZGVkNjlkZTQ2YTcxZDE3ZTk3NjY0NTE2MmI3ZDdkZmIzY2M4YmQ2Mjp7Il9hdXRoX3VzZXJfaGFzaCI6ImE0MmFmOTg2NTZiN2FiMDlkM2ZjYzFiOWY5OWE0NjNiOWUzOWE5NGIiLCJfYXV0aF91c2VyX2JhY2tlbmQiOiJhbGxhdXRoLmFjY291bnQuYXV0aF9iYWNrZW5kcy5BdXRoZW50aWNhdGlvbkJhY2tlbmQiLCJfYXV0aF91c2VyX2lkIjoiMTA2In0=', '2016-10-19 16:50:51'),
('he058wj99d3uun0ssfhxg5tejv6k90hc', 'YjZiMzA2NDQ0NDdjZDU5ZTVhNTcyNTRjNjBmZjczY2MzMGQ4MTc2Yzp7Il9hdXRoX3VzZXJfaGFzaCI6IjQ0YzJhZmM5NGYyNmRiOTA2NGRkZDhlMDA1NzU0ZGUzMWU5OGEyYzQiLCJfYXV0aF91c2VyX2JhY2tlbmQiOiJkamFuZ28uY29udHJpYi5hdXRoLmJhY2tlbmRzLk1vZGVsQmFja2VuZCIsIl9hdXRoX3VzZXJfaWQiOiIyIn0=', '2016-10-21 19:23:47'),
('ut9uvz5ug3hfihuodqcv7g8qc72xsu8b', 'MTBkZDAwNDNjMWU5YzQ3N2M1NDJhNTgyYTE1ODYyODE5YWMyMmE1Nzp7fQ==', '2016-10-21 19:32:09'),
('ng5fpau24v0gwmbtck1w6z4vt8lkobtl', 'YjZiMzA2NDQ0NDdjZDU5ZTVhNTcyNTRjNjBmZjczY2MzMGQ4MTc2Yzp7Il9hdXRoX3VzZXJfaGFzaCI6IjQ0YzJhZmM5NGYyNmRiOTA2NGRkZDhlMDA1NzU0ZGUzMWU5OGEyYzQiLCJfYXV0aF91c2VyX2JhY2tlbmQiOiJkamFuZ28uY29udHJpYi5hdXRoLmJhY2tlbmRzLk1vZGVsQmFja2VuZCIsIl9hdXRoX3VzZXJfaWQiOiIyIn0=', '2016-10-21 19:34:08'),
('gaq38nkvuvt8hn9vzhauc3lkx2v1ivtv', 'MTBkZDAwNDNjMWU5YzQ3N2M1NDJhNTgyYTE1ODYyODE5YWMyMmE1Nzp7fQ==', '2016-10-21 19:47:06'),
('o6nuovfqp8057y88wc4014tqme9jkag4', 'ZTM0OTliN2IwOTA4YjdlM2E3ZDhjMGRjZWViMjY5ZTc0ZGFkYzI1ODp7Il9hdXRoX3VzZXJfaGFzaCI6IjE1ZjFlYzQ5ZjVhNGExMTc4Yjc3NmY5ZTE1ZjI2NTdiMGEzOGJkZjAiLCJfYXV0aF91c2VyX2JhY2tlbmQiOiJkamFuZ28uY29udHJpYi5hdXRoLmJhY2tlbmRzLk1vZGVsQmFja2VuZCIsIl9hdXRoX3VzZXJfaWQiOiIzIn0=', '2016-10-21 19:50:27');

--
-- Volcado de datos para la tabla `django_site`
--

INSERT IGNORE INTO `django_site` (`id`, `domain`, `name`) VALUES
(1, 'example.com', 'example.com');

--
-- Volcado de datos para la tabla `plataforma_categoria`
--

INSERT IGNORE INTO `plataforma_categoria` (`id`, `nombre`, `nivel`, `URL_icono_normal`, `URL_icono_seleccionado`, `categoria_padre_id`, `URL_icono_general`, `name`) VALUES
(1, 'Naturaleza', 1, 'normal_icons/naturaleza-agroturismo.png', 'selected_icons/naturaleza-agroturismo.png', NULL, 'general_icons/naturaleza-agroturismo.png', 'Nature'),
(2, 'Deportes', 1, 'normal_icons/deporte.png', 'selected_icons/deporte.png', NULL, 'general_icons/deportes.png', 'Sports'),
(3, 'Salud', 1, 'normal_icons/salud.png', 'selected_icons/salud.png', NULL, 'general_icons/salud.png', 'Health'),
(4, 'Arte y Cultura', 1, 'normal_icons/arte-cultura.png', 'selected_icons/arte-cultura.png', NULL, 'general_icons/arte-cultura.png', 'Arts & Culture'),
(5, 'Comida y Bebida', 1, 'normal_icons/comida-bebida.png', 'selected_icons/comida-bebida.png', NULL, 'general_icons/comida-bebida.png', 'Food & Drink'),
(6, 'Fiesta', 1, 'normal_icons/entretenimiento.png', 'selected_icons/entretenimiento.png', NULL, 'general_icons/entretenimiento.png', 'Party'),
(7, 'Comercio', 1, 'normal_icons/comercio.png', 'selected_icons/comercio.png', NULL, 'general_icons/comercio.png', 'Shops'),
(8, 'Movilidad', 1, 'normal_icons/transporte.png', 'selected_icons/transporte.png', NULL, 'general_icons/transporte.png', 'Transportation'),
(9, 'Hospedaje y Bienestar', 1, 'normal_icons/hospedaje.png', 'selected_icons/hospedaje.png', NULL, 'general_icons/hospedaje.png', 'Lodging & Comfort'),
(10, 'Granjas', 2, NULL, NULL, 1, NULL, 'Farms'),
(11, 'Mirador', 2, NULL, NULL, 1, NULL, 'Lookout points'),
(12, 'Minas/cuevas', 2, NULL, NULL, 1, NULL, 'Mines and caves'),
(13, 'Rios, cascadas', 2, NULL, NULL, 1, NULL, 'Rivers and waterfalls'),
(14, 'Parque ecológico', 2, NULL, NULL, 1, NULL, 'Ecological Parks'),
(15, 'Apreciación de flora y fauna', 2, NULL, NULL, 1, NULL, 'Nature and animal appreciation'),
(16, 'Jardín botánico', 2, NULL, NULL, 1, NULL, 'Botanical gardens'),
(17, 'Termales', 2, NULL, NULL, 1, NULL, 'Thermal springs'),
(88, 'Vivero', 2, NULL, NULL, 1, NULL, 'Plants nurseries'),
(18, 'Ciclismo', 2, NULL, NULL, 2, NULL, 'Biking'),
(19, 'Ciclismo de ruta', 2, NULL, NULL, 2, NULL, 'Road cycling'),
(20, 'Ciclismo de montaña', 2, NULL, NULL, 2, NULL, 'Mountain biking'),
(21, 'Bicitours', 2, NULL, NULL, 2, NULL, 'Bike Tours'),
(89, 'Bungee Jumping', 2, NULL, NULL, 2, NULL, 'Bungee Jumping'),
(22, 'Karts', 2, NULL, NULL, 2, NULL, 'Karts'),
(23, 'Motocross', 2, NULL, NULL, 2, NULL, 'Motocross'),
(24, 'Canopi', 2, NULL, NULL, 2, NULL, 'Canyoning'),
(25, 'Rapel', 2, NULL, NULL, 2, NULL, 'Rappel'),
(26, 'Cabalgata', 2, NULL, NULL, 2, NULL, 'Horse riding'),
(27, 'Senderismo - Caminata', 2, NULL, NULL, 2, NULL, 'Hiking'),
(28, 'Paracaídas', 2, NULL, NULL, 2, NULL, 'Parachute'),
(29, 'Parapente', 2, NULL, NULL, 2, NULL, 'Paragliding'),
(30, 'Kayak', 2, NULL, NULL, 2, NULL, 'Kayaking'),
(90, 'Deporte autóctono', 2, NULL, NULL, 2, NULL, 'Regional sports'),
(91, 'Deporte extremo', 2, NULL, NULL, 2, NULL, 'Extreme sport'),
(92, 'Deporte en sala', 2, NULL, NULL, 2, NULL, 'Room sports'),
(93, 'Paintball', 2, NULL, NULL, 2, NULL, 'Paintball'),
(94, 'Torrentismo', 2, NULL, NULL, 2, NULL, 'Canyoning'),
(31, 'Tour', 2, NULL, NULL, 100, NULL, 'Tours'),
(32, 'Concursos', 2, NULL, NULL, 100, NULL, 'Contests'),
(33, 'Ferias y fiestas', 2, NULL, NULL, 100, NULL, 'Fairs and regional parties'),
(34, 'Conciertos', 2, NULL, NULL, 100, NULL, 'Concerts'),
(35, 'Festival', 2, NULL, NULL, 100, NULL, 'Festivals'),
(36, 'Reinados', 2, NULL, NULL, 100, NULL, 'Pageants'),
(37, 'Lo típico del lugar', 2, NULL, NULL, 100, NULL, 'none'),
(38, 'Encuentros', 2, NULL, NULL, 100, NULL, 'Festivals'),
(39, 'Ritos', 2, NULL, NULL, 100, NULL, 'Rites'),
(40, 'Santuario', 2, NULL, NULL, 4, NULL, 'Sanctuary'),
(41, 'Rutas religiosas', 2, NULL, NULL, 100, NULL, 'Religious Routes'),
(42, 'Fiestas religiosas', 2, NULL, NULL, 100, NULL, 'Religious feasts'),
(43, 'Iglesia', 2, NULL, NULL, 100, NULL, 'Church'),
(44, 'Plaza / Parque', 2, NULL, NULL, 4, NULL, 'Square and Parks'),
(45, 'Artesanía', 2, NULL, NULL, 4, NULL, 'Handicrafts'),
(46, 'Cine', 2, NULL, NULL, 4, NULL, 'Movie theatre'),
(47, 'Museo', 2, NULL, NULL, 4, NULL, 'Museum'),
(48, 'Arte rupestre', 2, NULL, NULL, 4, NULL, 'Cave paintings'),
(49, 'Casa histórica', 2, NULL, NULL, 4, NULL, 'Historic building'),
(96, 'Casa de la cultura', 2, NULL, NULL, 4, NULL, 'Historic building'),
(50, 'Esculturas', 2, NULL, NULL, 4, NULL, 'Sculptures'),
(51, 'Cine al parque', 2, NULL, NULL, 4, NULL, 'Open air cinema'),
(52, 'Galería de arte', 2, NULL, NULL, 4, NULL, 'Art Gallery'),
(53, 'Arquitectura', 2, NULL, NULL, 4, NULL, 'Architecture'),
(54, 'Muestra Artística', 2, NULL, NULL, 4, NULL, 'Artistic exhibition'),
(55, 'Biblioteca', 2, NULL, NULL, 4, NULL, 'Libraries'),
(56, 'Plaza de mercado', 2, NULL, NULL, 5, NULL, 'Marketplace'),
(57, 'Comida rápida', 2, NULL, NULL, 5, NULL, 'Fast food'),
(58, 'Comida internacional', 2, NULL, NULL, 5, NULL, 'International cuisine'),
(97, 'Comida típica', 2, NULL, NULL, 5, NULL, 'Typical food'),
(59, 'Cafetería', 2, NULL, NULL, 5, NULL, 'Coffee shops'),
(60, 'Asadero', 2, NULL, NULL, 5, NULL, 'Grilled Meat'),
(61, 'Bebidas', 2, NULL, NULL, 5, NULL, 'Drinks'),
(62, 'Panadería', 2, NULL, NULL, 5, NULL, 'Bakery'),
(63, 'Postres', 2, NULL, NULL, 5, NULL, 'Desserts'),
(64, 'Frutería', 2, NULL, NULL, 5, NULL, 'Fruit shop'),
(65, 'Comida Vegetariana', 2, NULL, NULL, 5, NULL, 'Vegetarian food'),
(66, 'Licorería / Cigarrería', 2, NULL, NULL, 5, NULL, 'Liquor store'),
(67, 'Club', 2, NULL, NULL, 6, NULL, 'Clubs'),
(68, 'Bar', 2, NULL, NULL, 6, NULL, 'Bars'),
(69, 'Discoteca', 2, NULL, NULL, 6, NULL, 'Disco'),
(72, 'Droguerías', 2, NULL, NULL, 3, NULL, 'Drugstores'),
(73, 'Hospital / Centro médico', 2, NULL, NULL, 3, NULL, 'Hospitals/ Health care center'),
(74, 'Tienda', 2, NULL, NULL, 7, NULL, 'Stores'),
(75, 'Centro comercial', 2, NULL, NULL, 7, NULL, 'Shopping malls'),
(76, 'Ropa', 2, NULL, NULL, 7, NULL, 'Clothes'),
(77, 'Bancos / Cajeros', 2, NULL, NULL, 7, NULL, 'Banks/ATM'),
(71, 'Decoración', 2, NULL, NULL, 7, NULL, 'Decoration'),
(78, 'Transporte', 2, NULL, NULL, 8, NULL, 'Transportation'),
(79, 'Montallantas', 2, NULL, NULL, 8, NULL, 'Tire change'),
(80, 'Gasolinerías', 2, NULL, NULL, 8, NULL, 'Gas Stations'),
(81, 'Taller de mecánica', 2, NULL, NULL, 8, NULL, 'Car repair shops'),
(82, 'Peaje', 2, NULL, NULL, 8, NULL, 'Road tolls'),
(83, 'Hospedaje', 2, NULL, NULL, 9, NULL, 'Lodging & Comfort'),
(84, 'Descanso', 2, NULL, NULL, 9, NULL, 'Relaxation'),
(85, 'Guías', 2, NULL, NULL, 9, NULL, 'Tour Guides'),
(86, 'Spa', 2, NULL, NULL, 9, NULL, 'Spas'),
(99, 'Hostal', 2, NULL, NULL, 9, NULL, 'Hostel'),
(101, 'Centro recreativo', 2, NULL, NULL, 9, NULL, 'Recreational centre'),
(102, 'Piscina', 2, NULL, NULL, 9, NULL, 'Pools');

--
-- Volcado de datos para la tabla `plataforma_municipio`
--

INSERT IGNORE INTO `plataforma_municipio` (`id`, `nombre`, `latitud`, `longitud`) VALUES
(1, 'Agua de Dios', '4.375179300000000000', '-74.677920700000000000'),
(2, 'Albán', '4.895311100000000000', '-74.482398900000000000'),
(3, 'Anapoima', '4.565941800000000000', '-74.564331300000000000'),
(4, 'Anolaima', '4.787346600000000000', '-74.494132700000000000'),
(5, 'Apulo', '4.537736200000000000', '-74.597224300000000000'),
(6, 'Arbeláez', '4.272798300000000000', '-74.418202600000000000'),
(7, 'Beltrán', '4.717433600000000000', '-74.820495500000000000'),
(8, 'Bituima', '4.872822700000000000', '-74.540914300000000000'),
(9, 'Bojacá', '4.736848600000000000', '-74.348631800000000000'),
(10, 'Boita', '4.668280000000000000', '-74.055457000000000000'),
(11, 'Cabrera', '3.882626400000000000', '-74.518130100000000000'),
(12, 'Cachipay', '4.596767300000000000', '-74.442063900000000000'),
(13, 'Cajicá', '4.918611111111110000', '-74.028055555555600000'),
(14, 'Caparrapí', '5.345655700000000000', '-74.495187300000000000'),
(15, 'Cáqueza', '4.405555555555560000', '-73.946944444444500000'),
(16, 'Carmen de Carupa', '5.349097200000000000', '-73.902447800000000000'),
(17, 'Chaguaní', '4.949603600000000000', '-74.594930800000000000'),
(18, 'Chía', '4.858888888888890000', '-74.058611111111100000'),
(19, 'Chipaque', '4.442500000000000000', '-74.044166666666700000'),
(20, 'Choachí', '4.528888888888890000', '-73.922777777777800000'),
(21, 'Chocontá', '5.146321400000000000', '-73.685566100000000000'),
(22, 'Cogua', '5.060555555555560000', '-73.979166666666700000'),
(23, 'Cota', '4.809444444444440000', '-74.098055555555600000'),
(24, 'Cucunubá', '5.250518300000000000', '-73.769051700000000000'),
(25, 'El Rosal', '4.853055555555560000', '-74.260000000000000000'),
(26, 'Facatativá', '4.813611111111110000', '-74.354444444444400000'),
(27, 'Fómeque', '4.488055555555560000', '-73.897500000000000000'),
(28, 'Fosca', '4.339166666666670000', '-73.938611111111100000'),
(29, 'Funza', '4.716388888888890000', '-74.211944444444400000'),
(30, 'Fúquene', '5.414433900000000000', '-73.805020800000000000'),
(31, 'Fusagasugá', '4.336388888888890000', '-74.363888888888900000'),
(32, 'Gachalá', '4.693044300000000000', '-73.522158700000000000'),
(33, 'Gachancipá', '4.991111111111110000', '-73.871666666666700000'),
(34, 'Gachetá', '4.870029100000000000', '-73.662320900000000000'),
(35, 'Gama', '4.762035700000000000', '-73.611415300000000000'),
(36, 'Girardot', '4.298611111111110000', '-74.804722222222200000'),
(37, 'Granada', '4.523251700000000000', '-74.355717300000000000'),
(38, 'Guachetá', '5.391486000000000000', '-73.717621800000000000'),
(39, 'Guaduas', '5.204487400000000000', '-74.762125000000000000'),
(40, 'Guasca', '4.866093800000000000', '-73.880700100000000000'),
(41, 'Guataquí', '4.517449800000000000', '-74.792499600000000000'),
(42, 'Guatavita', '4.934492300000000000', '-73.835832600000000000'),
(43, 'Guayabal de Síquima', '4.878325600000000000', '-74.468377900000000000'),
(44, 'Guayabetal', '4.214722222222220000', '-73.817222222222200000'),
(45, 'Gutiérrez', '4.255068700000000000', '-74.003861800000000000'),
(46, 'Jerusalén', '4.563297300000000000', '-74.695392700000000000'),
(47, 'Junín', '4.791033800000000000', '-73.665216100000000000'),
(48, 'La Calera', '4.721117800000000000', '-73.970404700000000000'),
(49, 'La Mesa', '4.990046200000000000', '-74.606894400000000000'),
(50, 'La Palma', '5.346963000000000000', '-74.449048800000000000'),
(51, 'La Peña', '5.198404900000000000', '-74.396815200000000000'),
(52, 'La Vega', '4.978570500000000000', '-74.373740300000000000'),
(53, 'Lenguazaque', '5.302353400000000000', '-73.717605200000000000'),
(54, 'Machetá', '5.080772600000000000', '-73.608486800000000000'),
(55, 'Madrid', '4.732500000000000000', '-74.264166666666700000'),
(56, 'Manta', '5.009447200000000000', '-73.541081800000000000'),
(57, 'Medina', '4.508404900000000000', '-73.352042100000000000'),
(58, 'Mosquera', '4.705833333333330000', '-74.230277777777800000'),
(59, 'Nariño', '4.405148800000000000', '-74.826266800000000000'),
(60, 'Nemocón', '5.050000000000000000', '-73.883333333333300000'),
(61, 'Nilo', '4.306111111111110000', '-74.620833333333300000'),
(62, 'Nimaima', '5.126111111111110000', '-74.385000000000000000'),
(63, 'Nocaima', '5.069722222222220000', '-74.378055555555500000'),
(64, 'Pacho', '5.132777777777780000', '-74.159722222222200000'),
(65, 'Paime', '5.379960900000000000', '-74.200363200000000000'),
(66, 'Pandi', '4.190652600000000000', '-74.487845800000000000'),
(67, 'Paratebueno', '4.376591800000000000', '-73.214038600000000000'),
(68, 'Pasca', '4.308503400000000000', '-74.304513700000000000'),
(69, 'Puerto Salgar', '5.467435800000000000', '-74.661448200000000000'),
(70, 'Pulí', '4.682600600000000000', '-74.714693800000000000'),
(71, 'Quebradanegra', '5.117724200000000000', '-74.480338800000000000'),
(72, 'Quetame', '4.332222222222220000', '-73.861388888888900000'),
(73, 'Quipile', '4.742233700000000000', '-74.561655500000000000'),
(74, 'Ricaurte', '4.280153600000000000', '-74.791764000000000000'),
(75, 'San Antonio del Tequendama', '4.618888888888890000', '-74.353888888888900000'),
(76, 'San Bernardo', '4.179449300000000000', '-74.423755200000000000'),
(77, 'San Cayetano', '5.301225200000000000', '-74.070796900000000000'),
(78, 'San Francisco', '4.616666666666670000', '-74.800000000000000000'),
(79, 'San Juan de Rioseco', '4.846901700000000000', '-74.626680800000000000'),
(80, 'Sasaima', '4.948040600000000000', '-74.452310800000000000'),
(81, 'Sesquilé', '5.045272700000000000', '-73.799113200000000000'),
(82, 'Sibaté', '4.485021200000000000', '-74.266455900000000000'),
(83, 'Silvania', '4.389006300000000000', '-74.404777200000000000'),
(84, 'Simijaca', '5.503843800000000000', '-73.854160200000000000'),
(85, 'Soacha', '4.579444444444440000', '-74.216944444444500000'),
(86, 'Sopó', '4.907500000000000000', '-73.938333333333300000'),
(87, 'Subachoque', '4.926111111111110000', '-74.173055555555600000'),
(88, 'Suesca', '5.103939700000000000', '-73.803009300000000000'),
(89, 'Supatá', '5.060833333333330000', '-74.237222222222200000'),
(90, 'Susa', '5.439204000000000000', '-73.863493400000000000'),
(91, 'Sutatausa', '5.247298200000000000', '-73.853760900000000000'),
(92, 'Tabio', '4.917222222222220000', '-74.093611111111100000'),
(93, 'Tausa', '5.195007500000000000', '-73.980972800000000000'),
(94, 'Tena', '4.655625700000000000', '-74.390669800000000000'),
(95, 'Tenjo', '4.872777777777780000', '-74.144444444444400000'),
(96, 'Tibacuy', '4.347839700000000000', '-74.453634800000000000'),
(97, 'Tibirita', '5.052435700000000000', '-73.505740300000000000'),
(98, 'Tocaima', '4.458333333333330000', '-74.634444444444500000'),
(99, 'Tocancipá', '4.965277777777780000', '-73.913055555555600000'),
(100, 'Topaipí', '5.335777700000000000', '-74.302568300000000000'),
(101, 'Ubalá,', '4.745749600000000000', '-73.535674400000000000'),
(102, 'Ubate', '5.309444444444440000', '-73.815833333333300000'),
(103, 'Ubaque', '4.483821600000000000', '-73.935082300000000000'),
(104, 'Ubaté', '5.312034600000000000', '-73.822599400000000000'),
(105, 'Une', '4.403055555555560000', '-74.025277777777800000'),
(106, 'Útica', '5.187789800000000000', '-74.483645600000000000'),
(107, 'Venecia', '4.088955200000000000', '-74.478982800000000000'),
(108, 'Vergara', '5.126014000000000000', '-74.335508700000000000'),
(109, 'Vianí', '4.875751700000000000', '-74.561611900000000000'),
(110, 'Villagómez', '5.267081500000000000', '-74.220672400000000000'),
(111, 'Villapinzón', '5.212347700000000000', '-73.601414900000000000'),
(112, 'Villeta', '4.999338600000000000', '-74.513192300000000000'),
(113, 'Viotá', '4.437136800000000000', '-74.518562800000000000'),
(114, 'Yacopí', '5.612085100000000000', '-74.499381000000000000'),
(115, 'Zipacón', '4.759945800000000000', '-74.382043700000000000'),
(116, 'Zipaquirá', '5.021497200000000000', '-73.997903200000000000');

--
-- Volcado de datos para la tabla `plataforma_tag`
--

INSERT IGNORE INTO `plataforma_tag` (`id`, `tag`) VALUES
(1, 'Café'),
(2, 'comida'),
(3, 'típica'),
(4, 'muebles'),
(5, 'decoración'),
(6, 'panadería'),
(7, 'eventos'),
(8, 'Alemán'),
(9, 'cerveza'),
(10, 'cerdo'),
(11, 'salchicha'),
(12, 'postres'),
(13, 'mascotas'),
(14, 'October Fest'),
(15, 'parrilla'),
(16, 'artesanías'),
(17, 'pesebres'),
(18, 'souvenir'),
(19, 'replica del monte Picio'),
(20, 'pan de yuca'),
(21, 'ambiente familiar'),
(22, 'música'),
(23, 'restaurante'),
(24, 'Obleas'),
(25, 'parque principal'),
(26, 'Cabro'),
(27, 'salmón'),
(28, 'carnes'),
(29, 'desayunos'),
(30, 'arte rupestre'),
(31, 'caminata'),
(32, 'ecología'),
(33, 'comida típica'),
(34, 'Tapetes'),
(35, 'telares'),
(36, 'arte'),
(37, 'iglesia'),
(38, 'templo'),
(39, 'católico'),
(40, 'bendición de vehículos'),
(41, 'cafetería.'),
(42, 'inyectología'),
(43, 'medicamentos'),
(44, 'toma de tensión'),
(45, 'droguería'),
(46, 'Ternera'),
(47, 'mamona'),
(48, 'chigüiro'),
(49, 'llanera'),
(50, 'asados'),
(51, 'rumba'),
(52, 'cumpleaños'),
(53, 'bar'),
(54, 'bebidas'),
(55, 'fiestas'),
(56, 'ranas y boli-rana'),
(57, 'mesas de ping pong'),
(58, 'billar'),
(59, 'Karaoke'),
(60, 'ubicación y servicio'),
(61, 'alojamiento'),
(62, 'colonial'),
(63, 'hotel'),
(64, 'Cacique'),
(65, 'comidas rápidas'),
(66, 'almojábanas'),
(67, 'queso'),
(68, 'Lana'),
(69, 'artesania'),
(70, 'sal'),
(71, 'accesorios'),
(72, 'ropa'),
(73, 'bisutería'),
(74, 'lámparas'),
(75, 'Gafas'),
(76, 'monturas'),
(77, 'lentes'),
(78, 'arreglos'),
(79, 'lentes de contacto'),
(80, 'optometría'),
(81, 'salud'),
(82, 'pastelería'),
(83, 'Planes turísticos'),
(84, 'excursiones terrestres'),
(85, 'planes todo incluído'),
(86, 'alquiler de fincas'),
(87, 'tiquetes aéreos'),
(88, 'agencia de viajes y turismo'),
(89, 'turismo'),
(90, 'viajes'),
(91, 'planes'),
(92, 'Granja'),
(93, 'caminatas ecológicas'),
(94, 'interacción con animales'),
(95, 'colegios'),
(96, 'grupos de familia'),
(97, 'caminatas'),
(98, 'agroturismo'),
(99, 'animales'),
(100, 'productos de aseo personal'),
(101, 'bebidas frías'),
(102, 'ruanas'),
(103, 'cerámica'),
(104, 'historia'),
(105, 'cultura'),
(106, 'patrimonio'),
(107, 'Arreglos florales'),
(108, 'flores'),
(109, 'Advil'),
(110, 'dolex'),
(111, 'tradición'),
(112, 'mina'),
(113, 'museo'),
(114, 'licores'),
(115, 'antiguo'),
(116, 'hoteles nemocón'),
(117, 'plato el minero'),
(118, 'criolla'),
(119, 'Pan'),
(120, 'jugos'),
(121, 'sopas'),
(122, 'pescados'),
(123, 'carne al horno'),
(124, 'carne a la parrilla'),
(125, 'Macrame'),
(126, 'bisuteristurismo'),
(127, 'almojabana'),
(128, 'tejidos en lana'),
(129, 'tejidos'),
(130, 'Transporte'),
(131, 'motocarro'),
(132, 'taxi'),
(133, 'transporte rápido'),
(134, 'inyectología,'),
(135, 'aroma terapia'),
(136, 'forja'),
(137, 'candelabros'),
(138, 'pebeteros'),
(139, 'velas'),
(140, 'Wifi, piscina, salon de juegos, restaurante'),
(141, 'wifi'),
(142, 'parqueadero'),
(143, 'juegos'),
(144, 'parque'),
(145, 'pizza'),
(146, 'lasagna'),
(147, 'cruiceros'),
(148, 'agencia de viajes'),
(149, 'turismo accesible'),
(150, 'turismo inclusivo'),
(151, 'Gym, spa, estetica'),
(152, 'mantecada'),
(153, 'arequipe'),
(154, 'helados');

--
-- Volcado de datos para la tabla `rutas_ruta`
--

INSERT IGNORE INTO `rutas_ruta` (`id`, `nombre`, `descripcion`, `sitio_id`, `distancia`, `tiempo`) VALUES
(1, 'Ruta magica', 'Probando la magia de los desarrolladores a ver qué tal se ve. Crossing fingers.', 1954, '0,3 km', '2 min'),
(3, 'Ruta del millo', 'Ruta cheveronga', 1959, '31.7 km', '1 hour 7 mins');

--
-- Volcado de datos para la tabla `rutas_rutasitio`
--

INSERT IGNORE INTO `rutas_rutasitio` (`id`, `orden`, `ruta_id`, `sitio_id`) VALUES
(30, 2, 3, 1960),
(36, 3, 1, 1878),
(35, 2, 1, 1877),
(34, 1, 1, 1955),
(29, 1, 3, 1959);

--
-- Volcado de datos para la tabla `sitios_foto`
--

INSERT IGNORE INTO `sitios_foto` (`id`, `URLfoto`, `tipo`, `sitio_id`) VALUES
(1867, 'Fotos/san_alejo_7.jpg', 'I', 1877),
(1868, 'Fotos/san_alejo_2.jpg', 'F', 1877),
(1869, 'Fotos/san_alejo_3.jpg', 'F', 1877),
(1870, 'Fotos/san_alejo_4.jpg', 'F', 1877),
(1871, 'Fotos/san_alejo_5.jpg', 'F', 1877),
(1872, 'Fotos/san_alejo_8.jpg', 'PR', 1877),
(1873, 'Fotos/san_alejo_1.jpg', 'P', 1877),
(2411, 'Fotos/blob.jpg', 'F', 1878),
(2412, 'Fotos/edelweiss_3.jpg', 'I', 1878),
(2413, 'Fotos/blob_6T6iN94.jpg', 'I', 1878),
(2414, 'Fotos/blob_OvPFSj5.jpg', 'I', 1878),
(2415, 'Fotos/blob_ajc46OW.jpg', 'P', 1878),
(2424, 'Fotos/blob_ZDevrTR.jpg', 'PR', 1879),
(2423, 'Fotos/blob_DiFje42.jpg', 'P', 1879),
(2422, 'Fotos/blob_eNx7rhy.jpg', 'PR', 1879),
(2421, 'Fotos/blob_fRtvlq4.jpg', 'PR', 1879),
(2420, 'Fotos/blob_wRAwdoT.jpg', 'F', 1879),
(2419, 'Fotos/blob_hSpq2AZ.jpg', 'F', 1879),
(2418, 'Fotos/blob_vqape2b.jpg', 'I', 1879),
(2417, 'Fotos/blob_0FZxejO.jpg', 'I', 1879),
(2416, 'Fotos/blob.jpg', 'I', 1879),
(1891, 'Fotos/La_estacion_7.jpg', 'I', 1880),
(1892, 'Fotos/La_estacion_2.jpg', 'F', 1880),
(1893, 'Fotos/La_estacion_3.jpg', 'F', 1880),
(1894, 'Fotos/La_estacion_4.jpg', 'F', 1880),
(1895, 'Fotos/La_estacion_5.jpg', 'F', 1880),
(1896, 'Fotos/La_estacion_6.jpg', 'F', 1880),
(1897, 'Fotos/La_estacion_1.jpg', 'P', 1880),
(1898, 'Fotos/jica_6.jpg', 'I', 1881),
(1899, 'Fotos/jica_5.jpg', 'I', 1881),
(1900, 'Fotos/jica_4.jpg', 'I', 1881),
(1901, 'Fotos/jica_3.jpg', 'I', 1881),
(1902, 'Fotos/jica_8.jpg', 'I', 1881),
(1903, 'Fotos/jica_7.jpg', 'I', 1881),
(1904, 'Fotos/jica_2.jpg', 'F', 1881),
(1905, 'Fotos/jica_1.jpg', 'P', 1881),
(1906, 'Fotos/obleas_3.jpg', 'F', 1882),
(1907, 'Fotos/obleas_2.jpg', 'F', 1882),
(1908, 'Fotos/obleas_4.jpg', 'I', 1882),
(1909, 'Fotos/obleas_1.jpg', 'P', 1882),
(1910, 'Fotos/caprinos_2.jpg', 'F', 1883),
(1911, 'Fotos/caprinos_3.jpg', 'F', 1883),
(1912, 'Fotos/caprinos_4.jpg', 'F', 1883),
(1913, 'Fotos/caprinos_5.jpg', 'F', 1883),
(1914, 'Fotos/caprinos_6.jpg', 'F', 1883),
(1915, 'Fotos/caprinos_1.jpg', 'P', 1883),
(2225, 'Fotos/61710314.jpg', 'P', 1884),
(2233, 'Fotos/porta_morada_2.jpg', 'P', 1885),
(2232, 'Fotos/blob_iWEfnY8.jpg', 'PR', 1885),
(2231, 'Fotos/blob_3wWpaVb.jpg', 'PR', 1885),
(2230, 'Fotos/blob_ITeIWCL.jpg', 'F', 1885),
(2229, 'Fotos/blob_DH7Fd91.jpg', 'F', 1885),
(2228, 'Fotos/blob_6a8e6rT.jpg', 'F', 1885),
(2227, 'Fotos/blob_1NEyrKx.jpg', 'F', 1885),
(2226, 'Fotos/blob_EzKOUNB.jpg', 'I', 1885),
(1926, 'Fotos/fortaleza_1.jpg', 'I', 1886),
(1927, 'Fotos/fortaleza_5.jpg', 'I', 1886),
(1928, 'Fotos/fortaleza_2.jpg', 'PR', 1886),
(1929, 'Fotos/fortaleza_8.jpg', 'PR', 1886),
(1930, 'Fotos/fortaleza_7.jpg', 'PR', 1886),
(1931, 'Fotos/fortaleza_1_WeiLSUC.jpg', 'P', 1886),
(1932, 'Fotos/fortaleza_6.jpg', 'PR', 1886),
(1933, 'Fotos/santuario_salud_2.jpg', 'F', 1887),
(1934, 'Fotos/santuario_salud_3.jpg', 'F', 1887),
(1935, 'Fotos/santuario_salud_4.jpg', 'F', 1887),
(1936, 'Fotos/santuario_salud_5.jpg', 'F', 1887),
(1937, 'Fotos/santuario_salud_6.jpg', 'F', 1887),
(1938, 'Fotos/santuario_salud_1.jpg', 'P', 1887),
(2245, 'Fotos/blob_Nk1UKbV.jpg', 'P', 1888),
(2244, 'Fotos/blob_AZQScKN.jpg', 'F', 1888),
(2240, 'Fotos/blob_DrARlet.jpg', 'I', 1888),
(2241, 'Fotos/blob_4asXxDL.jpg', 'F', 1888),
(2242, 'Fotos/blob_NjxZ1Ie.jpg', 'F', 1888),
(2243, 'Fotos/blob_r5mlAOO.jpg', 'F', 1888),
(1947, 'Fotos/drogueria_bojaca.jpg', 'P', 1889),
(1948, 'Fotos/alma_llanera_2.jpg', 'F', 1890),
(1949, 'Fotos/alma_llanera_3.jpg', 'F', 1890),
(1950, 'Fotos/alma_llanera_4.jpg', 'F', 1890),
(1951, 'Fotos/alma_llanera_1.jpg', 'P', 1890),
(1952, 'Fotos/musisal_2.jpg', 'F', 1891),
(1953, 'Fotos/musisal_3.jpg', 'F', 1891),
(1954, 'Fotos/musisal_4.jpg', 'F', 1891),
(1955, 'Fotos/musisal_5.jpg', 'F', 1891),
(1956, 'Fotos/musisal_6.jpg', 'F', 1891),
(1957, 'Fotos/musisal_1.jpg', 'P', 1891),
(1958, 'Fotos/hotel_cacique_2.jpg', 'F', 1892),
(1959, 'Fotos/hotel_cacique_3.jpg', 'F', 1892),
(1960, 'Fotos/hotel_cacique_4.jpg', 'F', 1892),
(1961, 'Fotos/hotel_cacique_5.jpg', 'F', 1892),
(1962, 'Fotos/hotel_cacique_1.jpg', 'P', 1892),
(1963, 'Fotos/santa_emma_4.jpg', 'F', 1893),
(1964, 'Fotos/santa_emma_3.jpg', 'F', 1893),
(1965, 'Fotos/santa_emma_2.jpg', 'F', 1893),
(1966, 'Fotos/santa_emma_5.jpg', 'I', 1893),
(1967, 'Fotos/santa_emma_1.jpg', 'P', 1893),
(1968, 'Fotos/signos_arte_4.jpg', 'F', 1894),
(1969, 'Fotos/signos_arte_3.jpg', 'F', 1894),
(1970, 'Fotos/signos_arte_2.jpg', 'F', 1894),
(1971, 'Fotos/signos_arte_1.jpg', 'P', 1894),
(1972, 'Fotos/optica_4.jpg', 'F', 1895),
(1973, 'Fotos/optica_3.jpg', 'F', 1895),
(1974, 'Fotos/optica_2.jpg', 'F', 1895),
(1975, 'Fotos/optica_1.jpg', 'P', 1895),
(1976, 'Fotos/tatoo_5.jpg', 'F', 1896),
(1977, 'Fotos/tatoo_4.jpg', 'F', 1896),
(1978, 'Fotos/tatoo_3.jpg', 'F', 1896),
(1979, 'Fotos/tatoo_2.jpg', 'F', 1896),
(1980, 'Fotos/tatoo_1.jpg', 'P', 1896),
(1981, 'Fotos/cafedelaplaza_4.jpg', 'F', 1897),
(1982, 'Fotos/cafedelaplaza_3.jpg', 'F', 1897),
(1983, 'Fotos/cafedelaplaza_2.jpg', 'F', 1897),
(1984, 'Fotos/cafedelaplaza_1.jpg', 'P', 1897),
(1985, 'Fotos/logo2.jpg', 'P', 1898),
(1986, 'Fotos/posada_ibarra_5.jpg', 'F', 1899),
(1987, 'Fotos/posada_ibarra_4.jpg', 'F', 1899),
(1988, 'Fotos/posada_ibarra_3.jpg', 'F', 1899),
(1989, 'Fotos/posada_ibarra_2.jpg', 'F', 1899),
(1990, 'Fotos/posada_ibarra_1.jpg', 'P', 1899),
(1995, 'Fotos/granja_mohan_2.jpg', 'F', 1901),
(1996, 'Fotos/granja_mohan_3.jpg', 'F', 1901),
(1997, 'Fotos/granja_mohan_4.jpg', 'F', 1901),
(1998, 'Fotos/granja_mohan_5.jpg', 'F', 1901),
(1999, 'Fotos/granja_mohan_6.jpg', 'F', 1901),
(2000, 'Fotos/granja_mohan_7.jpg', 'F', 1901),
(2001, 'Fotos/granja_mohan_8.jpg', 'F', 1901),
(2002, 'Fotos/granja_mohan_1.jpg', 'P', 1901),
(2003, 'Fotos/drogueria_acuna_5.jpg', 'F', 1902),
(2004, 'Fotos/drogueria_acuna_4.jpg', 'F', 1902),
(2005, 'Fotos/drogueria_acuna_3.jpg', 'F', 1902),
(2006, 'Fotos/drogueria_acuna_2.jpg', 'F', 1902),
(2007, 'Fotos/drogueria_acuna_1.jpg', 'P', 1902),
(2008, 'Fotos/atoca_2.jpg', 'F', 1903),
(2009, 'Fotos/atoca_3.jpg', 'F', 1903),
(2010, 'Fotos/atoca_4.jpg', 'F', 1903),
(2011, 'Fotos/atoca_5.jpg', 'F', 1903),
(2012, 'Fotos/atoca_6.jpg', 'F', 1903),
(2013, 'Fotos/atoca_1.jpg', 'P', 1903),
(2014, 'Fotos/galeria_2.jpg', 'F', 1904),
(2015, 'Fotos/galeria_3.jpg', 'F', 1904),
(2016, 'Fotos/galeria_4.jpg', 'F', 1904),
(2017, 'Fotos/galeria_5.jpg', 'F', 1904),
(2018, 'Fotos/galeria_6.jpg', 'F', 1904),
(2019, 'Fotos/galeria_1.jpg', 'P', 1904),
(2020, 'Fotos/flores_6.jpg', 'F', 1905),
(2021, 'Fotos/flores_5.jpg', 'F', 1905),
(2022, 'Fotos/flores_4.jpg', 'F', 1905),
(2023, 'Fotos/flores_3.jpg', 'F', 1905),
(2024, 'Fotos/flores_2.jpg', 'F', 1905),
(2025, 'Fotos/flores_1.jpg', 'P', 1905),
(2026, 'Fotos/drogueria_central_2.jpg', 'F', 1906),
(2027, 'Fotos/drogueria_central_3.jpg', 'F', 1906),
(2028, 'Fotos/drogueria_central_4.jpg', 'F', 1906),
(2029, 'Fotos/drogueria_central_5.jpg', 'F', 1906),
(2030, 'Fotos/drogueria_central_1.jpg', 'P', 1906),
(2032, 'Fotos/logo2_y32OoSg.jpg', 'P', 1908),
(2033, 'Fotos/cafe_cacique_2.jpg', 'F', 1909),
(2034, 'Fotos/cafe_cacique_3.jpg', 'F', 1909),
(2035, 'Fotos/cafe_cacique_4.jpg', 'F', 1909),
(2036, 'Fotos/cafe_cacique_5.jpg', 'F', 1909),
(2037, 'Fotos/cafe_cacique_1.jpg', 'P', 1909),
(2038, 'Fotos/hotel_colonial_2.jpg', 'F', 1910),
(2039, 'Fotos/hotel_colonial_3.jpg', 'F', 1910),
(2040, 'Fotos/hotel_colonial_4.jpg', 'F', 1910),
(2041, 'Fotos/hotel_colonial_1.jpg', 'P', 1910),
(2042, 'Fotos/colonial_2.jpg', 'F', 1911),
(2043, 'Fotos/colonial_3.jpg', 'F', 1911),
(2044, 'Fotos/colonial_4.jpg', 'F', 1911),
(2045, 'Fotos/colonial_5.jpg', 'F', 1911),
(2046, 'Fotos/colonial_6.jpg', 'F', 1911),
(2047, 'Fotos/colonial_1.jpg', 'P', 1911),
(2048, 'Fotos/pan_de_trigo_2.jpg', 'F', 1912),
(2049, 'Fotos/pan_de_trigo_3.jpg', 'F', 1912),
(2050, 'Fotos/pan_de_trigo_4.jpg', 'F', 1912),
(2051, 'Fotos/pan_de_trigo_5.jpg', 'F', 1912),
(2052, 'Fotos/pan_de_trigo_6.jpg', 'F', 1912),
(2053, 'Fotos/pan_de_trigo_1.jpg', 'P', 1912),
(2054, 'Fotos/rest_arte_2.jpg', 'F', 1913),
(2055, 'Fotos/rest_arte_3.jpg', 'F', 1913),
(2056, 'Fotos/rest_arte_4.jpg', 'F', 1913),
(2057, 'Fotos/rest_arte_5.jpg', 'F', 1913),
(2058, 'Fotos/rest_arte_6.jpg', 'F', 1913),
(2059, 'Fotos/rest_arte_7.jpg', 'F', 1913),
(2060, 'Fotos/rest_arte_1.jpg', 'P', 1913),
(2068, 'Fotos/trascondalia_2.jpg', 'F', 1915),
(2069, 'Fotos/trascondalia_3.jpg', 'F', 1915),
(2070, 'Fotos/trascondalia_4.jpg', 'F', 1915),
(2071, 'Fotos/trascondalia_5.jpg', 'F', 1915),
(2072, 'Fotos/trascondalia_6.jpg', 'F', 1915),
(2073, 'Fotos/trascondalia_7.jpg', 'F', 1915),
(2074, 'Fotos/trascondalia_1.jpg', 'P', 1915),
(2075, 'Fotos/colfamiliar_2.jpg', 'F', 1916),
(2076, 'Fotos/colfamiliar_3.jpg', 'F', 1916),
(2077, 'Fotos/colfamiliar_4.jpg', 'F', 1916),
(2078, 'Fotos/colfamiliar_5.jpg', 'F', 1916),
(2079, 'Fotos/colfamiliar_6.jpg', 'F', 1916),
(2080, 'Fotos/colfamiliar_1.jpg', 'P', 1916),
(2081, 'Fotos/alama_2.jpg', 'F', 1917),
(2082, 'Fotos/alama_3.jpg', 'F', 1917),
(2083, 'Fotos/alama_4.jpg', 'F', 1917),
(2084, 'Fotos/alama_5.jpg', 'F', 1917),
(2085, 'Fotos/alama_6.jpg', 'F', 1917),
(2086, 'Fotos/alama_7.jpg', 'F', 1917),
(2087, 'Fotos/alama_8.jpg', 'F', 1917),
(2088, 'Fotos/alama_1.jpg', 'P', 1917),
(2089, 'Fotos/blob_iOZWcUT.jpg', 'P', 1918),
(2096, 'Fotos/blob_F3E1GSU.jpg', 'F', 1919),
(2097, 'Fotos/blob_hgYS9re.jpg', 'I', 1919),
(2098, 'Fotos/blob_NtOwkfU.jpg', 'P', 1919),
(2099, 'Fotos/blob_hBWMEim.jpg', 'F', 1920),
(2100, 'Fotos/blob_8HYZSa8.jpg', 'I', 1920),
(2101, 'Fotos/blob_0xNJIli.jpg', 'P', 1920),
(2103, 'Fotos/blob_IvPrA8W.jpg', 'P', 1921),
(2104, 'Fotos/blob_n88SNA7.jpg', 'P', 1922),
(2105, 'Fotos/blob_no0DNx1.jpg', 'F', 1923),
(2106, 'Fotos/blob_G3hjMUh.jpg', 'P', 1923),
(2107, 'Fotos/blob_6cSEDcW.jpg', 'F', 1924),
(2108, 'Fotos/blob_7gMRQga.jpg', 'I', 1924),
(2109, 'Fotos/blob_l7PiXQF.jpg', 'P', 1924),
(2110, 'Fotos/blob_rxnHOkd.jpg', 'P', 1925),
(2156, 'Fotos/alma_llanera_4_4Tyk7FQ.jpg', 'P', 1935),
(2216, 'Fotos/1474391191873-328070107.jpg', 'P', 1943),
(2217, 'Fotos/1474395153321143759187.jpg', 'F', 1944),
(2218, 'Fotos/1474395197679488676810.jpg', 'I', 1944),
(2219, 'Fotos/1474395090964769129149.jpg', 'P', 1944),
(2220, 'Fotos/1474403980804-432088406.jpg', 'F', 1945),
(2221, 'Fotos/14744040114732034897866.jpg', 'I', 1945),
(2222, 'Fotos/14744040669251868297796.jpg', 'PR', 1945),
(2223, 'Fotos/14744039139852085561270.jpg', 'PR', 1945),
(2224, 'Fotos/14744038055641781361271.jpg', 'P', 1945),
(2246, 'Fotos/1474408027175413861665.jpg', 'F', 1946),
(2247, 'Fotos/1474407974921-261890458.jpg', 'I', 1946),
(2248, 'Fotos/1474407908116-1397802301.jpg', 'I', 1946),
(2249, 'Fotos/1474407952535741000801.jpg', 'PR', 1946),
(2250, 'Fotos/1474408004533-621169742.jpg', 'P', 1946),
(2251, 'Fotos/14745553308301362800808.jpg', 'P', 1947),
(2253, 'Fotos/blob_FVGna09.jpg', 'P', 1948),
(2254, 'Fotos/14745638289831145500981.jpg', 'I', 1949),
(2255, 'Fotos/1474563801131135170900.jpg', 'F', 1949),
(2256, 'Fotos/1474563877755-513264198.jpg', 'PR', 1949),
(2257, 'Fotos/1474563853564-2112627358.jpg', 'PR', 1949),
(2258, 'Fotos/1474563780143-1646691952.jpg', 'P', 1949),
(2259, 'Fotos/14745639041771678498141.jpg', 'PR', 1949),
(2260, 'Fotos/14745647783952000248832.jpg', 'F', 1950),
(2261, 'Fotos/1474564743571-1344255803.jpg', 'P', 1950),
(2262, 'Fotos/147457231907862453433.jpg', 'I', 1951),
(2263, 'Fotos/1474572296320-1286724821.jpg', 'F', 1951),
(2264, 'Fotos/1474572414282328035468.jpg', 'PR', 1951),
(2265, 'Fotos/1474572356706-1545696239.jpg', 'PR', 1951),
(2266, 'Fotos/1474572339344737053653.jpg', 'PR', 1951),
(2267, 'Fotos/1474572265212-643353389.jpg', 'P', 1951),
(2268, 'Fotos/14745723926371739748655.jpg', 'PR', 1951),
(2269, 'Fotos/14745750195171486151756.jpg', 'P', 1952),
(2270, 'Fotos/agencia_sin_estres22.jpg', 'F', 1953),
(2271, 'Fotos/Logo6.jpg', 'P', 1953),
(2394, 'Fotos/Facatativa_20041117_46.jpg', 'P', 1975),
(2393, 'Fotos/facatativa.jpg', 'I', 1975),
(2392, 'Fotos/1475604437051-159239051.jpg', 'P', 1974),
(2391, 'Fotos/14756045271931001059112.jpg', 'PR', 1974),
(2390, 'Fotos/1475604557531597318745.jpg', 'I', 1974),
(2389, 'Fotos/14756045030551688238030.jpg', 'F', 1974),
(2388, 'Fotos/1475600654205631256707.jpg', 'P', 1973),
(2387, 'Fotos/1475600776964514311057.jpg', 'PR', 1973),
(2386, 'Fotos/1475600759800423127599.jpg', 'I', 1973),
(2385, 'Fotos/1475600680480-641958717.jpg', 'F', 1973),
(2317, 'Fotos/image.jpg', 'F', 1960),
(2318, 'Fotos/image_4mQHx0Z.jpg', 'P', 1960),
(2321, 'Fotos/14749951303031641845775.jpg', 'P', 1961),
(2322, 'Fotos/147500360718037406888.jpg', 'I', 1962),
(2323, 'Fotos/14750035426211317677149.jpg', 'I', 1962),
(2324, 'Fotos/14750035085231721672524.jpg', 'F', 1962),
(2325, 'Fotos/14750036683211630425002.jpg', 'PR', 1962),
(2326, 'Fotos/1475003635108801539169.jpg', 'PR', 1962),
(2327, 'Fotos/1475003472728146944833.jpg', 'P', 1962),
(2328, 'Fotos/1475003698644341516030.jpg', 'PR', 1962),
(2384, 'Fotos/panoramica01.jpg', 'P', 1972),
(2383, 'Fotos/eventos06-1.jpg', 'PR', 1972),
(2382, 'Fotos/instalaciones03.jpg', 'F', 1972),
(2381, 'Fotos/panoramica02.jpg', 'F', 1972),
(2380, 'Fotos/instalaciones05.jpg', 'I', 1972),
(2379, 'Fotos/eventos02.jpg', 'I', 1972),
(2378, 'Fotos/14755958876911575056196.jpg', 'P', 1971),
(2336, 'Fotos/image_OrcHy72.jpg', 'I', 1964),
(2337, 'Fotos/image_aERTdiK.jpg', 'I', 1964),
(2338, 'Fotos/image_nMnRETf.jpg', 'F', 1964),
(2339, 'Fotos/image_hTDXtB4.jpg', 'PR', 1964),
(2340, 'Fotos/image_BtLtqQu.jpg', 'PR', 1964),
(2341, 'Fotos/image_Sp4YhXJ.jpg', 'P', 1964),
(2342, 'Fotos/image_Tez8Om9.jpg', 'PR', 1964),
(2356, 'Fotos/blob_qqXj1WL.jpg', 'PR', 1965),
(2355, 'Fotos/blob_NeyBjxm.jpg', 'P', 1965),
(2354, 'Fotos/blob_JfFdNvu.jpg', 'PR', 1965),
(2353, 'Fotos/blob_ol0wTPU.jpg', 'PR', 1965),
(2352, 'Fotos/blob_FFMmsTf.jpg', 'F', 1965),
(2351, 'Fotos/blob_lgOJnBg.jpg', 'I', 1965),
(2350, 'Fotos/blob_rSBke2Z.jpg', 'I', 1965),
(2358, 'Fotos/1475250915085341516030.jpg', 'P', 1967),
(2359, 'Fotos/1475253996393-314032342.jpg', 'F', 1968),
(2360, 'Fotos/1475254018355879272906.jpg', 'I', 1968),
(2361, 'Fotos/147525403524515340426.jpg', 'PR', 1968),
(2362, 'Fotos/1475253973330-918939826.jpg', 'P', 1968),
(2363, 'Fotos/image_1q2xKiw.jpg', 'F', 1969),
(2364, 'Fotos/image_QEKkhQl.jpg', 'P', 1969),
(2377, 'Fotos/blob_YTtAYwn.jpg', 'P', 1970),
(2376, 'Fotos/blob_lZvuxze.jpg', 'P', 1970),
(2374, 'Fotos/blob_tnzVBxj.jpg', 'F', 1970),
(2375, 'Fotos/blob_kPiS13W.jpg', 'I', 1970);

--
-- Volcado de datos para la tabla `sitios_sitio`
--

INSERT IGNORE INTO `sitios_sitio` (`id`, `nombre`, `telefono`, `whatsapp`, `horariolocal`, `web`, `latitud`, `longitud`, `descripcion`, `correolocal`, `ubicacionlocal`, `municipio_id`, `usuario_id`, `tipo_sitio`) VALUES
(1877, 'Restaurante, Muebles y Café "San Alejo"', '8833489', '3102073210 - 3014266280', 'Todos los días de 10 am a 6 pm', 'www.restaurantesanalejo.com', '4.916869335520000000', '-74.026701338600000000', 'Restaurante de comida típica santafereña, parrillas al carbón. Café y panadería. Casa de finales de 1800 de arquitectura tradicional. Se venden los muebles, cuadros, decoración y todo lo que hay dentro del restaurante. Especialidad en café (carta de café). Eventos y reservas', '', 'Diagonal 6 No. 3 - 35', 13, 1, 'S'),
(1878, 'Edelweiss', '8831212', '3115411241', 'Martes y miércoles de 12 m a 6 pm. Jueves de 12 m a 7 pm. Viernes y sábado de 12 m a 10 pm. Domingos y festivos de 12 m a 7 pm', 'www.edelweisscajica.com', '4.910441995750000000', '-74.027967006000000000', 'Restaurante de nueva cocina alemana. Eventos y reservas. Domicilios en la zona. Cerveza artesanal fabricada aquí mismo. Amigables con los animales (puedes traer a tu mascota). Comida vegetariana, postres, helados, entre otros. Celebramos el October Fest.', '', 'Km 1 vía Cajicá Zipaquirá, sector El Misterio', 13, 2, 'S'),
(1879, 'Arte Nativo', '3108839849', '3108839849', 'Todos los días de 10 am a 7 pm', '', '4.917777429020000000', '-74.025896675900000000', 'Tienda de artesanías. Nuestra tienda tiene un enfoque social, y los productos son elaborados por madres cabeza de familia, adultos mayores y personas con discapacidad. Artículos originales y típicos de fabricación propia. Nos centramos en crear, diseñar e inventar piezas exclusivas. Destacados por los pesebres y las réplicas del monte Picio.', '', 'Calle 3 No. 2 - 47', 13, 3, 'S'),
(1880, 'Panadería La Estación', '8660067', '', 'Todos los días de 6 am a 8 pm', '', '4.918239509260000000', '-74.025406837500000000', 'Pan caliente de 6 am a 7 pm. Pasabocas, pan de yuca, pan saludable, resetas nuevas constantemente. Todo hecho con levadura natural y bajo estricta higiene. Postres los fines de semana. Experiencia de 18 años en el pueblo de Cajicá', '', 'Carrera 2 No. 3 - 35 Frente a la Estación del tren.', 13, 5, 'S'),
(1881, 'Jicá Restaurante', '8660340', '3125824177', 'Martes a  viernes de 11 am a 8 pm. Fines de semana de 9 am a 9 pm', '', '4.917563642170000000', '-74.025081284300000000', 'Restaurante. Platos típicos, música en vivo, ambiente familiar, comida vegetariana. Postres, cafetería y panadería. Fabricación artesanal. Famoso por el pan de aceite de oliva y la sobrebarriga', '', 'Calle 3 No. 4 - 74', 13, 6, 'S'),
(1882, 'Obleas Cajiqueñas', '3144482755', '3144482755', 'Fines de semana de 8 am a 7 pm', '', '4.917052190240000000', '-74.025202989600000000', 'Obleas con arequipe, dulce casero de piña y de mora. El precio varía entre 1000 y 2000 pesos. 36 años de experiencia vendiendo obleas en el parque central de Cajicá', '', 'Parque principal, frente a la iglesia del pueblo', 13, 7, 'S'),
(1883, 'Caprinos Restaurante', '8663632', '3176799072', 'Lunes a Domingo 7 am a 7 pm', '', '4.916772630250000000', '-74.026175625600000000', 'Reuniones y eventos. Platos a la carta, menú ejecutivo, desayunos. Contratos para almuerzos y diferentes tipos de eventos.', '', 'Calle 2 No. 5 - 57 Costado derecho de la Iglesia', 13, 8, 'S'),
(1884, 'Piedras de Chivonegro', '8243410', '3214515721 - 3108755522', 'Espacio abierto - se recomienda visita diurna', '', '4.733478706920000000', '-74.343309290700000000', 'Parque Arqueológico del municipio de Bojacá. Posee varias piedras con pintura rupestre, en medio de un conjunto rocoso y relictos de vegetación de bosque seco que forman un paisaje de singular belleza. Forman parte del arte rupestre de la zona el Chuvaná, La Paz, Bobacé, Alto de la Cruz y el Castillo, San Antonio y Barroblanco y Fute.', '', 'Carrera 7 # 6 - 06 Alcaldía Municipal', 9, 10, 'S'),
(1885, 'Restaurante Porta Morada', '8243302', '3114812912', 'Lunes a viernes de 9 am a 7 pm. Fines de semana de 8 am a 7 pm', '', '4.732775457590000000', '-74.340695142700000000', 'Restaurante, postres y onces. Eventos, matrimonios, cumpleaños y bautizos. Platos típicos satafereños, ajiacos y platos a la carta. Especialidad en Pescado. El sitio perfecto para que los ciclistas desayunen los fines de semana.', '', 'Calle 7 No. 5 - 56. Parque principal', 9, 11, 'S'),
(1886, 'Fortaleza de piedra - tapetes anudados', '8662713', '3107773746', 'Tapetes anudados de lana virgen, tapetes en cuero, dique, cobre, estaño, pieles vírgenes y tinturadas. Muebles y accesorios decorativos de todo tipo. Los tapetes son elaborados a mano en telares artesanales y tienen garantía de 15 a 20 años. Costos moderados.', '', '4.917559132600000000', '-74.025049097800000000', 'Lunes a domingo de 9 am a 6 pm', '', 'Calle 3 No. 2 - 59', 13, 9, 'S'),
(1887, 'Santuario Nuestra Señora de la Salud de Bojacá', '8243166', '3143312601', 'Lunes a viernes 7am, 11 am y 6:30 pm. Sábados: 7 am, 9 am 11 am, 1 pm, 3:30 pm y 6:30 pm. Domingos: 7, 8, 9 10 y 11am, 12 m, 1 pm y 3:30 pm. Festivos: 7, 9 y 11 am, 1 pm y 3:30 pm', 'http://santuariovirgendelasalud.blogspot.com.co/', '4.733131626580000000', '-74.342962447600000000', 'El santuario de nuestra señora de la salud de Bojacá es reconodico por la bendición de los vehículos y sus familias. Es un lugar sagrado dedicado a la oración que cuenta con una arquitectura clásica. Fiestas principales: Segundo domingo de septiembre, último domingo de mayo y ocho de diciembre.', '', 'Parque principal Bojacá', 9, 12, 'S'),
(1888, 'Dulcerino', '3202972629', '3202972629', 'Lunes a viernes de 7 am a 8 pm. Fines de semana de 7 am a 7 pm', '', '4.732335053580000000', '-74.341868106300000000', 'Postres, almuerzos los fines de semana. Cafetería. Eventos y reservas.', '', 'Cra. 7 No. 67-03', 9, 13, 'S'),
(1889, 'Droguería Bojacá', '3212141539', '', 'Todos los días de 8 am a 9 pm', '', '4.732356646930000000', '-74.340160461100000000', 'Droguería, inyectología, toma de tensión. Venta de medicamentos en general, artículos de aseo y de tocador. Atención a usuarios de EPS Convida.', '', 'Carrera 5 No. 6 - 71', 9, 14, 'S'),
(1890, 'Alma Llanera Asadero Restaurante', '3103218744', '3103218744', '8am a 7pm domingo a domingo', '', '5.021497818720000000', '-74.000572934700000000', 'Del llano a Zipaquirá, la auténtica mamona. Carne de cerdo, de res, chigüiro, pescados y sopas. \r\nSe atienden eventos y recepciones.', '', 'Zipaquirá', 116, 15, 'S'),
(1891, 'Centro Recreativo Musisal', '8519204', '', '1pm a 11pm lunes a miércoles / 1pm a 1am de jueves a domingo', '', '5.021497818720000000', '-74.005765691400000000', 'El sitio emblemático de la rumba en Zipaquirá. Entretenimiento y diversión para toda la familia (menores hasta las 6 pm)', '', 'Cra 7 # 1-56', 116, 16, 'S'),
(1892, 'Hotel Cacique Real', '8510209', '3115134781', '24 horas', '', '5.022684982650000000', '-74.005951769600000000', 'Un hotel tradicional con ambiente colonial. Servicio de restaurante, salón de eventos, parqueadero, wi-fi y tv por cable', '', 'Carrera 6 # 2-36', 116, 17, 'S'),
(1893, 'Café Santa Emma', '3223095756', '3223095756', 'Todos los días de 6 am a 8 pm', '', '4.731716121700000000', '-74.342132806800000000', 'Cafetería y onces. Aquí encuentra cuajada con melao´, leche asada, almojábanas con aguapanela y queso. También Café, aromática de frutas y comidas rápidas.', '', 'Calle 7 No. 6 - 32', 9, 18, 'S'),
(1894, 'Signos Artesanías', '3103449344', '3103449344', 'Lunes a domingo 10:30am a 7pm', '', '5.022550085120000000', '-74.006073474900000000', 'Accesorios en diferentes semillas de la región y tejidos en algodón y lana virgen. Lámparas y objetos hechos a mano en fibras naturales', '', 'Cra 6 # 2-56', 116, 19, 'S'),
(1895, 'Óptica Luz', '8520877', '', '9 am a 12pm y de 2pm a 5:30pm', '', '5.026363602140000000', '-74.005887508400000000', '33 años de experiencia en óptica. Consultas, monturas y lentes, todo lo relacionado con óptica', '', 'Calle 4 # 7-19', 116, 20, 'S'),
(1896, 'Clandestino Tattoo', '3004055674', '3004055674', '11am a 8pm domingo a domingo', '', '5.022462000630000000', '-74.005116820100000000', '"Tatuajes y modificación corporal. Arte corporal, implantes, \r\ntodo lo relacionado con modificaciones. Implantes, reconstrucción, expansión, bifurcación, piercing"', '', 'Cra 7 #3-39 local 122', 116, 21, 'S'),
(1897, 'Café de la Plaza', '8514682', '', '7:30am a 7pm domingo a domingo', '', '5.027635422380000000', '-74.005511999300000000', '"Los mejores postres y café en pleno centro de Zipa.\r\n Disfruta de una bebida acompañada de nuestras delicias en un ambiente colonial, con la mejor atención."', '', 'Carrera 8 # 4-04 centro', 116, 22, 'S'),
(1898, 'Promo Tour años dorados', '3105752340', '310-575-2340  / 313-314-2796', '9am a 4pm lunes a viernes', '', '4.966050817300000000', '-73.913211822700000000', 'Paquetes turísticos, donde el turista realiza sus sueños de conocer sitios nuevos.', '', 'Calle 11 # 6-54 parque principal', 99, 23, 'S'),
(1899, 'La posada de Ibarra Restaurante', '8574394', '3105752340', '7am a 5pm lun. a jue. / 7am a 11pm vie. Y sab. / 10am a 5pm dom.', 'Www.laposadadeibarra.amawebs.com', '4.965890488860000000', '-73.913061619000000000', '"Comida casera y tradicional con el mejor sabor de la región. Almuerzos y platos a la carta.  \r\nCafetería y bar. Música en vivo y karaoke los fines de semana."', '', 'Calle 11 # 6-54 parque principal', 99, 24, 'S'),
(1902, 'Droguería Acuña', '8511423', '', 'Lunes a sabado 8am a 9pm / dom y fest 9am a 8pm', 'drogueriasacuna.com', '5.022905003220000000', '-74.003925919600000000', 'Droguería ubicada en la Plaza principal de Zipa. Inyectología, toma de tensión. Domicilios.', '', 'Cra 8 # 4-48', 116, 26, 'S'),
(1901, 'Granja el Mohán de Quebrada Honda', '3138618373', '313-861-8373 / 313-357-6795', '10am a 5:30pm', '', '4.964015400230000000', '-73.910808116200000000', 'Disfrute de un día inolvidable en la granja "El Mohán". En contacto con la naturaleza y los animales de la zoología doméstica.', '', 'Tocancipá, Vereda Canavita, Sector el Tablón', 99, 25, 'S'),
(1903, 'Artesanias Artoca (asociación de artesanos de Tocancipá)', '3188653084', '3105752340', '11am a 7pm lunes a domingo', '', '4.965748620400000000', '-73.913390412900000000', 'Artesanías tejidas a mano y cerámica. Accesorios y ropa (gorras, bufandas, ruanas, chales, guantes, chalecos, pantuflas, etc.)', '', 'Plaza Central de Tocancipá', 99, 27, 'S'),
(1904, 'Galería y sala de exposición Ramón Torres Méndez', '8575464', '', '9am a 12pm y de 2pm a 6pm Lunes a viernes', '', '4.965311641580000000', '-73.913567606400000000', 'Espacio cultural para la exposición de obas de diferentes manifestaciones artísticas, \r\ncomo pintura, escultura, fotografía, manualidades y demás proyectos culturales, académicos y particulares. \r\nHace parte de la Casa de la Cultura de Tocancipá.', '', 'Calle 10 # 6-53 piso 2 Casa de la Cultura', 99, 28, 'S'),
(1905, 'Flores y estilos', '3112796308', '3112796308', '7am a 7pm lun. a sab. / 8am a 1pm domingos y festivos', '', '4.965017455230000000', '-73.914813995400000000', 'Flores y arreglos para eventos, cumpleaños, aniversarios y fúnebres.', '', 'Cra  7 # 9-03', 99, 29, 'S'),
(1906, 'Droguería central', '8524435', '', '8am a 9:30pm jornada continua domingo a domingo', '', '4.963729313250000000', '-73.916011937000000000', 'Encuentre cosméticos y medicamentos en general. Además, tenemos servicio de inyectología. Encuentre helados y bebidas frías.', '', 'Cra 7 # 7-93 Centro', 99, 30, 'S'),
(1908, 'Mina de Sal de Nemocón', '3212044506', '3212044506', '9am a 5pm domingo a domingo', 'www.minadesal.com', '5.064042657360000000', '-73.875262141200000000', 'En la Mina de Sal de Nemocón usted no solo descubrirá el origen de un pueblo que guarda sus secretos en la profundidad de un inmenso domo salino subterráneo, a 80 mts bajo tierra, también se cautivara con sus espectaculares formaciones y atractivos naturales únicos en el mundo. Descubra el sentido cultural, histórico, científico, temático, minero y turístico de la Mina de sal de Nemocón. Viva la mejor caminata subterránea que se pueda imaginar, con propiedades medicinales y terapéuticas. Somos un atractivo turístico de interés nacional que se ha convertido en uno de los lugares más visitados al interior de nuestro país, una maravilla natural que sorprende por su arquitectura vernácula, testimonio material de la tradicional minería subterránea de cámaras y pilares. Nuestro recorrido será una experiencia para descubrir historias y lugares. Un verdadero banquete para los sentidos y el espíritu.', '', 'Calle 2 # 0-05', 60, 31, 'S'),
(1909, 'Cafe Cacique nemequen', '3143243052', '3143243052', '9am a 10pm domingo a domingo', '', '5.066652440560000000', '-73.877366669500000000', 'Mejor café de Nemocón. En pleno parque principal, disfrute de buen ambiente, música, bebidas, y artículos de tienda tradicional.', '', 'Cra 4 # 3-37 parque ppal.', 60, 32, 'S'),
(1910, 'Hotel Valle de la Sal', '8544422', '3112236036', '24 horas', '', '5.066823431180000000', '-73.876873143000000000', 'Nuestro hotel al estilo colonial, un lugar acogedor, tranquilo y silencioso, en el que el descanzo y la armonía reinan. La paz y el recogimiento se funden para entregar una experiencia única a las personas que nos visitan.', '', 'Calle 4 # 4-13', 60, 33, 'S'),
(1911, 'Restaurante el Colonial JR', '3213008172', '3213008172', 'Fines de semana y festivos a partir de las 11:30am hasta las 6:00pm', '', '5.067732235490000000', '-73.877041284000000000', 'Restaurante colonial que ofrece comida típica en un ambiente colonial y familiar. Eventos como matrimonios, primeras comuniones, recepciones y fiestas privadas. Casa colonial con mas de 120 años de existencia.', '', 'Cll 4 # 5-26', 60, 34, 'S'),
(1912, 'pastelería y cafetería pan de trigo', '3213614051', '3213614051', '6am a 10pm, de domingo a domingo', '', '5.066626140740000000', '-73.877304140500000000', 'El mejor pan hawaiano de Nemocon, pastelería, panadería, postres, cafetería, bebidas frías. Desayunos, empanadas, pastel de pollo, pan hojaldrado', '', 'Cll 3 # 4-21', 60, 35, 'S'),
(1913, 'Restaurante Hornos de Sal Nemocón / Fabrica de Macrame y artesanias Myriam Rojas', '3108740760', '3105788447', '7am a 8pm domingo a domingo', '', '5.065872295330000000', '-73.877184279300000000', 'A 30m de la mina de sal. Centro artesanal y gastronómico. La mejor carne a la parrilla. Panadería y cafetería. La mas deliciosa almojabana.', '', 'Calle 2 No. 0-90', 60, 36, 'S'),
(1973, 'Telarana', '3015544482', '3015544482', 'Miercoles a Domingo 10am a 7pm', 'www.facebook.com/telaranatabio', '4.921572969172166000', '-74.091335535049440000', 'Una tienda hecha a muchas manos. Artesanias y decoración', '', 'Calle 5 #3-32', 92, 104, 'S'),
(1915, 'Transcondalia', '3203932752', '', '8am a 8pm lunes a sabado / 8am a 2pm domingos', '', '5.067133351540000000', '-73.877795822900000000', 'Transporte local en motocarro. Somos una empresa confiable para el transporte de pasajeros dentro de Nemocon.', '', 'Calle 3 # 5-21', 60, 37, 'S'),
(1916, 'Droguería Colfamiliar', '3115681695', '3115681695', '9am a 8pm domingo a domingo', '', '5.067015795560000000', '-73.877709992200000000', 'Droguería general, inyectología, farmacia, medicamentos', '', 'Calle 3 # 5-08 barrio Centro', 60, 38, 'S'),
(1917, 'Alama Velas', '8796188', '', 'Lunes a domingo de 9 am a 1 pm y de 2 pm a 6 pm.', 'www.empresario.com/alamavelas', '4.916985582240000000', '-74.023511186200000000', 'Artículos decorativos para hogar y eventos. Velas, velones, candelabros, pebeteros, forja, entre otros. Artículos para aromaterapia.', '', 'calle 3 No. 2 - 53 Local 101', 13, 4, 'S'),
(1918, 'Hotel fusa', '123569854', '319 7781452', '24 horas', 'www.almallanera.com.co', '4.330513908604122000', '-74.363113045692440000', 'Un h espectalu', '', 'Cra 1 # 3 22', 31, 39, 'S'),
(1919, 'Hotel Parque Zabal', '8736510', '3105583678', '24 horas', 'hotelparquezabal.com', '4.344224872358932000', '-74.362474679946900000', 'Hotel ubicado en el centro, cerca al parque principal. Suites especiales con jacuzzi o chimenea. Zona Wifi, Direct TV, parqueadero, área social, salón de eventos.', '', 'Calle 6 # 7-71 centro', 31, 40, 'S'),
(1920, 'Hotel Boutique Sinaí', '8717004', '3107831909', '24 horas', 'Www.hotelboutiquesinai.com', '4.343937363239323400', '-74.362669140100480000', 'Hotel ubicado en el centro. La mezcla perfecta de lo colonial y lo moderno. Habitaciones confotables, televisión cable, Wifi, parqueadero, apartamentos amoblados, zonas verdes, salón de eventps, conferencias con ayudas audiovisuales, habitaciones con jacuzzi', '', 'Calle 6 # 7-56 centro', 31, 41, 'S'),
(1921, 'Alpinismo', '32323232', '', '', '', '4.898788380353646000', '-74.457778930664060000', 'Se realizan excursiones.', '', '312321112211', 2, 48, 'S'),
(1922, 'Hotel costa del sol', '8673932', '3102916511', '24 horas', 'Www.hotelcostadelsolfusagasuga.com.co', '4.336301615841759500', '-74.366039335727690000', 'Elegancia y comfort. Empresa familiar con mas de 18 años prestando servicios de calidad y atención. Cumpliendo con los estándares de calidad y amabilidad.', '', 'Calle 17 # 12-04', 31, 51, 'S'),
(1923, 'Hotel Catama Inn', '8780858', '3118119251', '24 horas', 'Www.hotelcatamainn.com', '4.329925507051654000', '-74.379981458187100000', 'Ubicado en la ciudad jardín de Colombia, brinda toda la comodidad y la belleza de un paisaje que permite a nuestros huéspedes disfrutar de un ambiente familiar. Salón de reuniones y eventos', '', 'Calle 22 # 36-91 (100m adelante de la estatua del indio)', 31, 52, 'S'),
(1924, 'Hotel el Castillo', '3143578003', '3143578003', '24 horas', 'hotelelcastillochinauta.com.co', '4.308047343273843000', '-74.443627595901490000', 'Construido en 1967 al mejor estilo medieval, por el señor Luis Carlos de Mendoza enamorado de colombia por su clima, su fauna, y por el placer de observar el cerro del Quinini. Piscina, restaurante, alojamiento.', '', 'Kn 65 vía Melgar', 31, 53, 'S'),
(1925, 'Hotel Chinauta Real', '3103068504', '', '24 horas', 'www.hotelchinautareal.com', '4.290073613014737000', '-74.466705322265620000', 'La naturaleza, el descanso, la recreación, junto con una buena atención son los pilares del hotel y centro de convenciones. Pinemos a su servicio nuestras instalaciones y una cálida hospitalidad.\r\n\r\nAlojamiento, alimentos y bebidas, zona húmeda y spa, eventos y recepciones, pesca deportiva, caminatas ecológicas, chiva turística, piscina y tobogán. Parqueadero, interacción con especies.', '', 'Km 68.5 vía panamericana, Bogotá-Melgar', 31, 54, 'S'),
(1974, 'Tygua Magüe', '3165080812', '3165080812', 'Reserva previa', 'www.tyguamague.com', '4.920365079488746000', '-74.078192710876460000', 'Ecoparque, centro de bienestar que se encuentra dentro de una zona de reserva forestal que va desde el bosque alto andino hasta el sub-páramo entre 2600 y 2920 msnm. Cuenta con mas de 220 especies nativas de flora y 50 clases de aves.\r\n\r\nTiene un sendero con 17 estaciones de observación para el descanso y la meditación. Aqui podras realizar safaris fotográficos, caminatas ecológicas, paisajismo rural, observación de aves, ascenso a las cumbres y observación de estrellas.\r\n\r\nDentro del ecoparque se encuentra también el Centro de Bienestar.', '', 'Via Lourdes entrada Torobarroso, Ecoparque', 92, 105, 'S'),
(1972, 'Finca el Refugio', '3102966383', '310 296 6383', '24 horas', 'http://www.fincaelrefugio.co', '4.964617301446976000', '-74.076390266418460000', 'A una hora de Bogotá, en el hermoso Municipio de Tabio, se encuentra la Finca El Refugio.\r\nUn acogedor lugar dónde se pueden realizar todo tipo de eventos sociales y empresariales. Adicionalmente,\r\ncuenta con el servicio de hospedaje rural en cómodas habitaciones dónde se mantiene un permanente contacto\r\ncon la naturaleza lo que garantiza un descanso total.', '', 'Vereda Río Frío Oriental', 92, 103, 'S'),
(1971, 'Tabio', '3212106730', '3212106730', 'Pendiente', 'www.tabioes.com', '4.916089346184426000', '-74.099006652832030000', 'Pendiente', '', 'Carrera 5 # 4-27 Parque principal', 92, 102, 'M'),
(1935, 'Hotel Del Paso', '3115243278', '', 'lunes a domingo 10am a 6pm', 'www.prueba.com', '4.549806955360925000', '-74.536016508882310000', 'Hotel con los mejores', '', 'Calle 2 # 3 - 45 esquina', 3, 66, 'S'),
(1943, 'Girardot', '3016292941', '3016292941', 'Lunes a domingo de 9am a 8pm en el terminal de transporte.', 'www.girardot-cundinamarca.gov.co', '4.302248721861002000', '-74.805200099945070000', 'Pendiente envio por correo', '', 'Terminal de transporte', 36, 73, 'M'),
(1944, 'Viajes Cuatro Estaciones Sas', '3202125062', '3202528066', 'Lunes a viernes de 9am a 12pm y de 2pm a 6pm', 'Facebook.com/atviajescuatroestaciones', '4.300141093910289000', '-74.799213409423830000', 'Empreaa dedicada al turismo nacional e internacional a través de medios terrestres, aéreos y maritimos. Operamos con calidad, eficiencia y economía. Ofrecemos planes individuales, familiares o para grupos. En paquetes todo incluído o solamente transporte y alojamiento.', '', 'Carrera 5 # 24-02 barrio Santander', 36, 74, 'S'),
(1945, 'Asomarteg - Asociación de Manufactureros y Artesanos de Girardot', '3152456590', '3152456590', 'Eventos y ferias en la ciudad.', 'Facebook.com/asomarteg', '4.300507522031126000', '-74.809333384037020000', 'Grupo de señoras artesanas cabeza de familia que realizan el arte de manualidades y arteaanías típicas de la región. Tejidos, bordados, bisutería en semillas, arte country de tela y madera. Muñecas de trapo cocidas a mano. Productos en Totumo. Instrumentos de aire "ocarina"', '', 'Calle 18 A # 17-34 Barrio Estación', 36, 75, 'S'),
(1946, 'Restaurante bar El Caserón', '18331004', '3142058626', '12pm a 9:30pm y bar hasta las 12am', 'Facebook.com/restauranteelcaserongirardot', '4.298674042333206000', '-74.806655198335650000', 'Comida tipica colombiana. Eventos sociales, familiares y empresariales. Matrimonios, recepciones, fiestas. Bar', '', 'Carrera 12 # 19-29 barrio Sucre', 36, 76, 'S'),
(1947, 'Mosquera', '8299717', '', '8:00 am a 12:00 m - 2:00 pm a5:00 pm', 'Www.mosquera-cundinamarca.gov.co', '4.709879019853917500', '-74.225774891674520000', 'Pendiente', '', 'Cra 3 calle 10 Parque Cultural', 58, 77, 'M'),
(1948, 'Casa Arte Chemo Artesanias', '3015576616', '3015576616', 'Lunes a viernes 9am a 5pm', 'Facebook.com/chemoartesanias', '4.705540146726860000', '-74.229592680931090000', 'Taller y venta de artesanías. Talleres de pintura decorativa. Bisuteria artesanal, productos en madera country, decoración. Alpargatas, sombreros, cestos, accesorios.', '', 'Carrera 2 # 3-70', 58, 79, 'S'),
(1949, 'Asadero Típico Boyacense', '8296136', '3124150159', 'Domingo a domingo de 9am a 7pm', '', '4.704200303253362000', '-74.228317709639670000', 'Comida tipica boyacense. Cocido boyacense y chanfaina. Arepa boyacense, sopas, gallina, picadas.', '', 'Calle 3 # 1-72 este', 58, 80, 'S'),
(1950, 'Hotel San Martin', '8295488', '3212875402', '24 horas', 'Facebook.com/hotelsanmartinmosquera', '4.704156488264883000', '-74.228204176761210000', 'Hospedaje acomodación sencilla y para familia. Suite con jacuzzi y super suite con sauna y jacuzzi. Wi-fi, tv, agua caliente.', '', 'Calle 3 # 1-98 este', 58, 81, 'S'),
(1951, 'Artesanias Torres', '3208191065', '3053270118', 'Lunes a sábado de 10am a 8pm', '', '4.710712708587282000', '-74.224944412708280000', 'Artesanías ruanas, tejidos, mochilas, tejidos, cerámica y dulces típicos. Joyería en plata: anillos, aretes, cadenas.', '', 'Carrera 4 # 10A-35 barrio el carmen', 58, 82, 'S'),
(1952, 'Taller artesanal el muisca', '3103418213', '', 'Domingo a domingo de 10am a 10pm', '', '4.705711229491129000', '-74.214701056480410000', 'Artesano local. Trabajos en madera. Restauraciones, tallados, pirograbados, taraseadas. Artesanías de todo tipo en madera. Arte, esculturas.', '', 'Calle 19B # 8-20E villa Jenny', 58, 83, 'S'),
(1953, 'Viaja Sin Stress Agencia de Viajes', '8943224', '3208022284', 'Lunes a viernes de 10am a 6pm y sábados de 10am a 4pm', 'www.viajasinstress.com', '4.712343149182354000', '-74.220685869463520000', 'Especializados en viajes para adultos mayores y personas en condición de discapacidad. Viajes nacionales e internacionales, cruceros, paquetes todo incluído, documentación (visas), tarjetas de asistencia médica.', '', 'Carrera 3 # 17B-10 Barrio Villa Nueva', 58, 84, 'S'),
(1975, 'Facatativá', '8420818', '3045498831', 'Martes a Domingo de 8 am a 4 pm', 'Www.facatativa-cundinamarca.gov.co', '4.805410526378084000', '-74.350149929523470000', 'Pendiente', '', 'Cra 2 con calle 1 edificio desarrolllo social', 26, 106, 'M'),
(1960, 'Casa del zapato', '312848462', '', '5-7', '', '4.870027273757409000', '-74.525241851806640000', 'Zapatos en lona', '', 'Calle ulg', 8, 86, 'S'),
(1961, 'Madrid', '8250414', '', 'Lunes a viernes de 8am a 1pm y de 2pm a 5pm', 'www.madrid-cundinamarca.gov.co', '4.731127244660799000', '-74.263420701026920000', 'Pendiente. Sacar de la pagina web', '', 'Carrera 5 calle 5 parque principal', 55, 87, 'M'),
(1962, 'Fullspa', '8209097', '3045745343', 'Lunes a viernes de 6am a 9pm y sábados de 6am a 4pm', '', '4.732001337995864500', '-74.261144846677780000', 'Tenemos para todos una zona de confot donde encontraras spa, estetica corporal, facial y gimnasio.', '', 'Calle7 # 4-06 zona centro', 55, 88, 'S'),
(1970, 'Hacienda Kalá', '3203851271', '3203851271', 'De 8am a 5pm', 'https://www.facebook.com/haciendakalaeventos/', '4.863961280928806000', '-74.265532270073890000', 'Hacienda campestre para todo tipo de eventos. Matrimonios y fiestas empresariales. Haz tu fiesta en un ambiente espectacular', '', 'Vereda cruz verde', 25, 96, 'S'),
(1964, 'Obleas Villetica', '3168241578', '', 'L-S 8:00 a.m. a 7:30 p.m.\r\nD y festivos 10:00 a.m. a 7:30 p.m.', '', '4.731077792864212500', '-74.262492656707760000', 'Famosas desde 1900 las mejores obleas del departamento.  Gran variedad de postres tales como panelitas, arequipe, cuajada, panderos, cocadas, mantecadas, helados artesanales y mucho más.', '', 'Calle 7 # 4-14 Zona Centro', 55, 89, 'S'),
(1965, 'Panaderia y jamones Roa', '8250148', '3114947978', 'Lunes a sábado de 7am a 6pm y domjngos y festivos de 8am a 5pm', '', '4.729638677209623000', '-74.258519299328330000', 'Panadería artesanal colombiana. Jamones hechos en casa al horno bajo una receta de tradición. Mantecada, chicharronas, mogollas resobadas, cotudos, masato y mucho amor!', '', 'Calle 7 # 1-08 zona centro', 55, 90, 'S'),
(1967, 'El Rosal', '8240165', '3203037816', '', 'Www.elrosal-cundinamarca.gov.co', '4.851618664260234000', '-74.262814521789550000', 'Pendiente', '', 'Coliseo municipal el rosal', 25, 93, 'M'),
(1968, 'Restaurante y piqueteadero Obando', '3013757372', '3013757372', 'Martes a Domingo 9 a.m., a 8 p.m.\r\nPiqueteadero (jueves a domingo y festivos)', '', '4.852067660716505000', '-74.268814623355870000', 'Restaurante y piqueteadero con especialidad en fritanga. Ofrecemos platos a la carta, sopas, sudado de cerdo, comidas rápidas, gallina y chivo.', '', 'Calle 10 #15 54', 25, 94, 'S'),
(1969, 'Pasaje Comercial Santa Inés', '3123904984', '3123904984', 'Lunes a domingo de 9am a 7pm', '', '4.853006242745677500', '-74.260749220848080000', 'Artesanías y productos para decoración:\r\nproductos en madera, productos en cuero, lana virgen, productos de aseo artesanales y ecológicos, plantas y flores, tejidos y bordados, bisutería, collares, manillas y carteras. Pasabocas, helados y obleas.', '', 'Carrera 10 junto al CAI', 25, 95, 'S');

--
-- Volcado de datos para la tabla `sitios_sitiocategoria`
--

INSERT IGNORE INTO `sitios_sitiocategoria` (`id`, `tipo`, `categoria_id`, `sitio_id`) VALUES
(1, 1, 5, 1877),
(246, 1, 5, 1878),
(247, 1, 4, 1879),
(4, 1, 5, 1880),
(5, 1, 5, 1881),
(6, 1, 5, 1882),
(7, 1, 5, 1883),
(150, 1, 4, 1884),
(154, 1, 5, 1885),
(10, 1, 4, 1886),
(11, 1, 3, 1887),
(160, 0, 63, 1888),
(13, 1, 9, 1889),
(14, 1, 5, 1890),
(15, 1, 6, 1891),
(16, 1, 9, 1892),
(17, 1, 5, 1893),
(18, 1, 4, 1894),
(19, 1, 7, 1895),
(20, 1, 4, 1896),
(21, 1, 5, 1897),
(22, 1, 6, 1898),
(23, 1, 5, 1899),
(25, 1, 1, 1901),
(26, 1, 9, 1902),
(27, 1, 4, 1903),
(28, 1, 4, 1904),
(29, 1, 7, 1905),
(30, 1, 9, 1906),
(32, 1, 4, 1908),
(33, 1, 5, 1909),
(34, 1, 9, 1910),
(35, 1, 5, 1911),
(36, 1, 5, 1912),
(37, 1, 5, 1913),
(39, 1, 8, 1915),
(40, 1, 9, 1916),
(41, 1, 4, 1917),
(42, 1, 9, 1918),
(43, 2, 5, 1918),
(44, 0, 83, 1918),
(45, 0, 86, 1918),
(46, 0, 58, 1918),
(47, 0, 59, 1918),
(63, 0, 9, 1919),
(62, 0, 5, 1919),
(61, 0, 9, 1919),
(60, 0, 5, 1919),
(59, 2, 5, 1919),
(58, 1, 9, 1919),
(64, 0, 83, 1919),
(65, 0, 57, 1919),
(66, 1, 9, 1920),
(67, 0, 83, 1920),
(71, 0, 2, 1921),
(70, 1, 2, 1921),
(72, 0, 19, 1921),
(73, 1, 9, 1922),
(74, 2, 5, 1922),
(75, 0, 83, 1922),
(76, 0, 58, 1922),
(77, 0, 59, 1922),
(78, 1, 9, 1923),
(79, 2, 5, 1923),
(80, 0, 83, 1923),
(81, 0, 57, 1923),
(82, 0, 58, 1923),
(83, 0, 59, 1923),
(84, 1, 9, 1924),
(85, 2, 5, 1924),
(86, 0, 83, 1924),
(87, 0, 84, 1924),
(88, 0, 58, 1924),
(89, 0, 57, 1924),
(90, 0, 61, 1924),
(91, 1, 9, 1925),
(92, 2, 5, 1925),
(93, 0, 83, 1925),
(94, 0, 86, 1925),
(95, 0, 84, 1925),
(96, 0, 57, 1925),
(97, 0, 58, 1925),
(98, 0, 66, 1925),
(242, 0, 86, 1974),
(241, 0, 83, 1974),
(240, 0, 84, 1974),
(120, 1, 9, 1935),
(121, 2, 5, 1935),
(122, 0, 99, 1935),
(123, 0, 97, 1935),
(124, 0, 57, 1935),
(125, 0, 59, 1935),
(239, 0, 11, 1974),
(238, 0, 14, 1974),
(140, 1, 9, 1944),
(141, 2, 8, 1944),
(142, 3, 1, 1944),
(143, 0, 85, 1944),
(144, 0, 78, 1944),
(145, 0, 14, 1944),
(146, 1, 4, 1945),
(147, 2, 7, 1945),
(148, 0, 45, 1945),
(149, 0, 71, 1945),
(151, 2, 2, 1884),
(152, 0, 18, 1884),
(153, 0, 27, 1884),
(155, 0, 63, 1885),
(156, 0, 97, 1885),
(159, 1, 5, 1888),
(161, 1, 5, 1946),
(162, 2, 6, 1946),
(163, 0, 97, 1946),
(164, 0, 61, 1946),
(165, 0, 58, 1946),
(166, 0, 68, 1946),
(174, 0, 71, 1948),
(173, 0, 45, 1948),
(172, 2, 7, 1948),
(171, 1, 4, 1948),
(175, 1, 5, 1949),
(176, 0, 97, 1949),
(177, 0, 60, 1949),
(178, 1, 9, 1950),
(179, 0, 83, 1950),
(180, 1, 4, 1951),
(181, 2, 5, 1951),
(182, 0, 45, 1951),
(183, 0, 63, 1951),
(184, 1, 4, 1952),
(185, 0, 45, 1952),
(186, 0, 50, 1952),
(187, 0, 54, 1952),
(188, 0, 52, 1952),
(189, 1, 7, 1953),
(237, 0, 15, 1974),
(236, 2, 9, 1974),
(235, 1, 1, 1974),
(234, 0, 76, 1973),
(233, 0, 45, 1973),
(232, 0, 52, 1973),
(231, 2, 7, 1973),
(230, 1, 4, 1973),
(200, 1, 5, 1960),
(201, 0, 64, 1960),
(204, 1, 9, 1962),
(205, 2, 2, 1962),
(206, 0, 86, 1962),
(229, 0, 83, 1972),
(228, 0, 84, 1972),
(227, 1, 9, 1972),
(210, 1, 5, 1964),
(211, 0, 63, 1964),
(217, 0, 97, 1965),
(216, 0, 62, 1965),
(215, 1, 5, 1965),
(218, 1, 5, 1968),
(219, 0, 60, 1968),
(220, 0, 97, 1968),
(221, 0, 57, 1968),
(222, 1, 4, 1969),
(223, 2, 5, 1969),
(224, 0, 45, 1969),
(225, 0, 54, 1969),
(226, 0, 63, 1969);

--
-- Volcado de datos para la tabla `sitios_sitio_tags`
--

INSERT IGNORE INTO `sitios_sitio_tags` (`id`, `sitio_id`, `tag_id`) VALUES
(1, 1877, 1),
(2, 1877, 2),
(3, 1877, 3),
(4, 1877, 4),
(5, 1877, 5),
(6, 1877, 6),
(7, 1877, 7),
(286, 1878, 15),
(285, 1878, 14),
(284, 1878, 13),
(283, 1878, 12),
(282, 1878, 11),
(281, 1878, 10),
(280, 1878, 9),
(279, 1878, 8),
(290, 1879, 19),
(289, 1879, 18),
(288, 1879, 17),
(287, 1879, 16),
(20, 1880, 20),
(21, 1880, 12),
(22, 1880, 6),
(23, 1881, 21),
(24, 1881, 22),
(25, 1881, 23),
(26, 1882, 24),
(27, 1882, 25),
(28, 1882, 12),
(29, 1883, 26),
(30, 1883, 27),
(31, 1883, 28),
(32, 1883, 29),
(33, 1883, 23),
(230, 1884, 32),
(232, 1884, 31),
(231, 1884, 30),
(233, 1885, 33),
(236, 1885, 23),
(234, 1885, 12),
(235, 1885, 29),
(41, 1886, 4),
(42, 1886, 34),
(43, 1886, 35),
(44, 1886, 36),
(45, 1886, 5),
(46, 1887, 40),
(47, 1887, 37),
(48, 1887, 38),
(49, 1887, 39),
(240, 1888, 41),
(241, 1888, 12),
(242, 1888, 23),
(53, 1889, 42),
(54, 1889, 43),
(55, 1889, 44),
(56, 1889, 45),
(57, 1890, 48),
(58, 1890, 49),
(59, 1890, 50),
(60, 1890, 46),
(61, 1890, 47),
(62, 1891, 7),
(63, 1891, 51),
(64, 1891, 52),
(65, 1891, 53),
(66, 1891, 54),
(67, 1891, 55),
(68, 1891, 56),
(69, 1891, 57),
(70, 1891, 58),
(71, 1891, 59),
(72, 1892, 64),
(73, 1892, 7),
(74, 1892, 60),
(75, 1892, 61),
(76, 1892, 62),
(77, 1892, 63),
(78, 1893, 1),
(79, 1893, 66),
(80, 1893, 67),
(81, 1893, 65),
(82, 1894, 68),
(83, 1894, 69),
(84, 1894, 70),
(85, 1894, 71),
(86, 1894, 72),
(87, 1894, 73),
(88, 1894, 74),
(89, 1895, 75),
(90, 1895, 76),
(91, 1895, 77),
(92, 1895, 78),
(93, 1895, 79),
(94, 1895, 80),
(95, 1895, 81),
(96, 1897, 1),
(97, 1897, 82),
(98, 1897, 12),
(99, 1897, 54),
(100, 1897, 6),
(101, 1898, 83),
(102, 1898, 84),
(103, 1898, 85),
(104, 1898, 86),
(105, 1898, 87),
(106, 1898, 88),
(107, 1898, 89),
(108, 1898, 90),
(109, 1898, 91),
(115, 1901, 96),
(116, 1901, 97),
(117, 1901, 98),
(118, 1901, 99),
(119, 1901, 92),
(120, 1901, 93),
(121, 1901, 94),
(122, 1901, 95),
(123, 1902, 42),
(124, 1902, 43),
(125, 1902, 100),
(126, 1902, 45),
(127, 1902, 101),
(128, 1903, 16),
(129, 1903, 71),
(130, 1903, 68),
(131, 1903, 102),
(132, 1903, 103),
(133, 1904, 104),
(134, 1904, 105),
(135, 1904, 106),
(136, 1904, 36),
(137, 1905, 107),
(138, 1905, 108),
(139, 1906, 109),
(140, 1906, 110),
(144, 1908, 112),
(145, 1908, 113),
(146, 1908, 70),
(147, 1908, 111),
(148, 1909, 1),
(149, 1909, 114),
(150, 1909, 53),
(151, 1909, 54),
(152, 1910, 115),
(153, 1910, 116),
(154, 1910, 62),
(155, 1910, 63),
(156, 1911, 33),
(157, 1911, 62),
(158, 1911, 117),
(159, 1911, 118),
(160, 1912, 1),
(161, 1912, 12),
(162, 1912, 54),
(163, 1912, 119),
(164, 1912, 120),
(165, 1912, 29),
(166, 1913, 128),
(167, 1913, 33),
(168, 1913, 68),
(169, 1913, 129),
(170, 1913, 16),
(171, 1913, 23),
(172, 1913, 121),
(173, 1913, 122),
(174, 1913, 123),
(175, 1913, 124),
(176, 1913, 125),
(177, 1913, 126),
(178, 1913, 127),
(192, 1915, 130),
(193, 1915, 131),
(194, 1915, 132),
(195, 1915, 133),
(196, 1916, 43),
(197, 1916, 45),
(198, 1916, 134),
(199, 1917, 36),
(200, 1917, 5),
(201, 1917, 135),
(202, 1917, 136),
(203, 1917, 137),
(204, 1917, 138),
(205, 1917, 139),
(206, 1917, 7),
(207, 1923, 140),
(220, 1935, 144),
(221, 1935, 141),
(222, 1935, 142),
(223, 1935, 143),
(243, 1953, 90),
(244, 1953, 147),
(245, 1953, 148),
(246, 1953, 149),
(247, 1953, 150),
(248, 1962, 151),
(250, 1964, 24),
(251, 1964, 152),
(252, 1964, 154),
(253, 1964, 12),
(254, 1964, 153);
